id,topic,difficulty,question,optionA,optionB,optionC,optionD,correctLetter,correctAnswer,explanation,source,tags
licenses-001,licenses,easy,What is the minimum age to apply for an instruction permit if you are enrolling in a driver training course?,15 years old,14 years old,15½ years old,16 years old,A,15 years old,"If you are enrolling in a driver training course, you can apply for your instruction permit as early as 15 years old.","WA Driver Guide §1.8, p. 25",permit|age
licenses-002,licenses,medium,"If you are NOT enrolling in a driver training course, at what age can you take the knowledge exam?",15 years old,15½ years old,16 years old,18 years old,B,15½ years old,"If you are not enrolling in a driver training course, you can take the knowledge exam after you turn 15½.","WA Driver Guide §1.8, p. 25",permit|age|knowledge-exam
licenses-003,licenses,easy,How long is a Washington instruction permit valid?,1 year,6 months,2 years,4 years,A,1 year,Your instruction permit is valid for 1 year and can be renewed for a fee.,"WA Driver Guide §1.8, p. 25",permit|validity
licenses-004,licenses,medium,How long is your knowledge exam score valid after you pass?,6 months,1 year,2 years,5 years,C,2 years,"Your knowledge exam score is valid for 2 years. If you wait too long to take your skills exam, you may have to take the knowledge exam again.","WA Driver Guide §1.8, p. 25",knowledge-exam|validity
licenses-005,licenses,easy,How long must you hold your instruction permit before getting your first driver license (ages 16–17)?,3 months,9 months,12 months,6 months,D,6 months,"To get your first driver license at ages 16–17, you must have your instruction permit for at least 6 months.","WA Driver Guide §1.8, p. 26",permit|graduated-license
licenses-006,licenses,easy,What is the minimum age to get your first driver license in Washington?,16 years old,15½ years old,15 years old,17 years old,A,16 years old,You must be at least 16 years old and a Washington resident to get your first driver license.,"WA Driver Guide §1.8, p. 26",license|age
licenses-007,licenses,medium,How many hours of supervised day driving are required before getting your first license (ages 16–17)?,20 hours,30 hours,50 hours,40 hours,D,40 hours,You must complete at least 40 hours of day driving and 10 hours of night driving with a licensed driver who has 3 or more years of experience.,"WA Driver Guide §1.8, p. 26",practice-hours|graduated-license
licenses-008,licenses,medium,How many hours of supervised night driving are required before getting your first license (ages 16–17)?,10 hours,5 hours,15 hours,20 hours,A,10 hours,You must complete at least 10 hours of night driving with a licensed driver who has 3 or more years of experience.,"WA Driver Guide §1.8, p. 26",practice-hours|graduated-license
licenses-009,licenses,medium,Your supervising driver must have at least how many years of driving experience (for applicants ages 16–17)?,1 year,2 years,5 years,3 years,D,3 years,Practice driving must be done with a licensed driver who has 3 or more years of experience.,"WA Driver Guide §1.8, p. 26",practice-hours|supervising-driver
licenses-010,licenses,medium,"During the first 6 months of an intermediate driver license, who may ride as passengers?",No more than 3 passengers under age 20,No passengers at all,Only one passenger of any age,No passengers under age 20 except immediate family members,D,No passengers under age 20 except immediate family members,"During the first 6 months of an intermediate license, no passengers under age 20 are allowed except immediate family members.","WA Driver Guide §1.8, p. 28",intermediate-license|passengers
licenses-011,licenses,medium,"After the first 6 months of an intermediate driver license, how many passengers under age 20 are allowed (besides immediate family)?",3 passengers,1 passenger,2 passengers,No limit,A,3 passengers,"From 6 months to age 18 (or one year, whichever comes first), no more than 3 passengers under age 20 are allowed except immediate family members.","WA Driver Guide §1.8, p. 28",intermediate-license|passengers
licenses-012,licenses,medium,"During the first 6 months of an intermediate license, what are the nighttime driving restrictions?",No driving between midnight and 6 a.m.,No driving between 10 p.m. and 5 a.m.,"No driving between 1 a.m. and 5 a.m. unless accompanied by a parent, guardian, or licensed driver at least age 25",No driving after sunset,C,"No driving between 1 a.m. and 5 a.m. unless accompanied by a parent, guardian, or licensed driver at least age 25","Intermediate license holders cannot drive between 1 a.m. and 5 a.m. unless accompanied by a parent, guardian, or licensed driver at least age 25.","WA Driver Guide §1.8, p. 28",intermediate-license|curfew
licenses-013,licenses,medium,When are the nighttime restrictions on an intermediate driver license lifted?,After 6 months regardless of driving record,When you turn 18,After one year of safe driving,After completing an additional driver education course,C,After one year of safe driving,Nighttime restrictions expire after one year of safe driving — meaning no crashes or traffic offenses.,"WA Driver Guide §1.8, p. 28",intermediate-license|curfew
licenses-014,licenses,hard,What is the penalty for a second traffic violation while holding an intermediate driver license?,A written warning is issued,Current restrictions remain until you turn 18,"License is suspended for 6 months or until you turn 18, whichever comes first",License is permanently revoked,C,"License is suspended for 6 months or until you turn 18, whichever comes first","For a second violation, the intermediate license is suspended for 6 months or until the driver turns 18, whichever comes first.","WA Driver Guide §1.8, p. 29",intermediate-license|penalties
licenses-015,licenses,easy,What happens to intermediate license restrictions when you turn 18?,You must visit a licensing office to have them removed,You must pass an additional exam,Restrictions are automatically lifted,You must apply for a new unrestricted license,C,Restrictions are automatically lifted,You don't need to get a new license when you turn 18. Intermediate driver license restrictions are automatically lifted.,"WA Driver Guide §1.8, p. 29",intermediate-license|renewal
licenses-016,licenses,medium,How many days do new residents (age 18+) with a valid out-of-state license have to obtain a Washington driver license?,30 days,10 days,60 days,90 days,A,30 days,New residents who are licensed in another state have 30 days to obtain a Washington State driver license.,"WA Driver Guide §1.5, p. 20",new-residents|deadline
licenses-017,licenses,easy,Within how many days must you update your address in License Express after moving?,5 days,30 days,60 days,10 days,D,10 days,"If your address changes, you must update your information in License Express within 10 days of the change.","WA Driver Guide §1.16, p. 39",address-change|deadline
licenses-018,licenses,easy,Where must name changes be made?,Online through License Express,By calling DOL customer service,By mailing a form to DOL,At a driver licensing office,D,At a driver licensing office,Name changes must be made in person at a driver licensing office; they cannot be done online.,"WA Driver Guide §1.16, p. 39",name-change|licensing-office
licenses-019,licenses,easy,What does REAL ID refer to?,"A federal law, not an actual piece of ID",A specific type of identification card,An enhanced driver license only,A passport replacement program,A,"A federal law, not an actual piece of ID","REAL ID is a law, not an actual piece of ID. An enhanced driver license is among several options that meet REAL ID requirements.","WA Driver Guide §1.7, p. 24",real-id|identification
licenses-020,licenses,medium,Which type of Washington ID can be used for international border crossings by land or sea?,Standard driver license,Enhanced driver license or ID,REAL ID-compliant license,Instruction permit,B,Enhanced driver license or ID,"An enhanced driver license or ID can be used for international border crossing by land or sea to Canada, Mexico, and the Caribbean.","WA Driver Guide §1.6, p. 23",enhanced-license|identification
licenses-021,licenses,medium,How long is the temporary license you receive at the licensing office valid?,30 days,60 days,90 days,45 days,D,45 days,"Before leaving the licensing office, you receive a temporary license that is good for 45 days. Your official license will be mailed to you.","WA Driver Guide §1.8, p. 27",temporary-license|validity
licenses-022,licenses,hard,"If you are 18 or older and want to practice driving with a licensed driver before taking the skills exam, your supervising driver must have at least how many years of experience?",1 year,3 years,5 years,7 years,C,5 years,"For drivers 18+, one option is to get a permit and practice driving with a licensed driver who has 5 or more years of experience before taking the skills exam.","WA Driver Guide §1.8, p. 28",adult-license|supervising-driver
licenses-023,licenses,medium,"If your driver license has been expired for 8 or more years, what must you do to renew it?",Pay an additional late fee only,Retake the knowledge and skills exams,Complete a driver training course,Provide a letter from your insurance company,B,Retake the knowledge and skills exams,"If your license is 8 or more years expired, you'll need to retake the skills and knowledge exams.","WA Driver Guide §1.15, p. 35",expired-license|renewal
licenses-024,licenses,medium,Can you use a cell phone with hands-free technology while driving with an intermediate license?,"Yes, hands-free devices are always allowed","No, except to report an emergency","Yes, but only for navigation purposes","No, phones must be turned off completely",B,"No, except to report an emergency","Intermediate license laws restrict the use of cell phones and wireless communication devices while driving, even with hands-free technology. You can only use your phone to report an emergency.","WA Driver Guide §1.8, p. 29",intermediate-license|cell-phone
licenses-025,licenses,hard,What is the minimum classroom instruction required for a traffic safety course from another state to meet Washington's requirements?,20 hours,30 hours,25 hours,40 hours,B,30 hours,A traffic safety course completed in another state must meet Washington's minimum requirement of 30 hours of classroom and 6 hours of behind-the-wheel instruction.,"WA Driver Guide §1.8, p. 26",driver-training|requirements
licenses-026,licenses,hard,How many hours of behind-the-wheel instruction with a licensed instructor are required at a minimum for a traffic safety course?,4 hours,6 hours,8 hours,10 hours,B,6 hours,Washington requires a minimum of 6 hours of behind-the-wheel instruction as part of a traffic safety course.,"WA Driver Guide §1.8, p. 26",driver-training|requirements
licenses-027,licenses,medium,What is the total minimum supervised driving practice required for applicants ages 16–17 (day + night combined)?,50 hours,40 hours,45 hours,60 hours,A,50 hours,"Applicants must complete at least 40 hours of day driving plus 10 hours of night driving, totaling 50 hours. The parental authorization form certifies you have at least 50 hours of driving experience.","WA Driver Guide §1.8, p. 26–27",practice-hours|graduated-license
licenses-028,licenses,easy,Who is allowed in the vehicle during the Driving Skills Exam?,"You, the examiner, and one parent or guardian","You and the examiner only, with exceptions for service animals and sign language interpreters","You, the examiner, and your driving instructor",You and up to two other people approved by the examiner,B,"You and the examiner only, with exceptions for service animals and sign language interpreters",Only you and the examiner are allowed in the vehicle during the exam. Exceptions are made for service animals and sign language interpreters.,"WA Driver Guide §1.12, p. 33",skills-exam|requirements
licenses-029,licenses,medium,"For a first-time license applicant ages 16–17, how long must you be free of traffic violations before applying?",6 months,3 months,9 months,12 months,A,6 months,You must be without any traffic violations or convictions for 6 months prior to applying for the license.,"WA Driver Guide §1.8, p. 26",graduated-license|violations
licenses-030,licenses,hard,What exception allows intermediate license holders to drive at any hour and with passengers?,Having completed an advanced driving course,Having a parent's written permission,Driving for agricultural purposes,Being employed and driving to work,C,Driving for agricultural purposes,"Intermediate driver license holders may drive at any hour, with passengers, for agricultural purposes.","WA Driver Guide §1.8, p. 29",intermediate-license|exceptions
vehicles-001,vehicles,medium,What is the minimum liability insurance coverage required in Washington for bodily injury or death of one person in a collision?,"$25,000","$15,000","$50,000","$20,000",A,"$25,000","Washington requires at least $25,000 payable for bodily injury or death of one person in a collision.","WA Driver Guide §2.3, p. 43",insurance|liability
vehicles-002,vehicles,medium,What is the minimum liability insurance coverage required in Washington for bodily injury or death of two or more persons in one collision?,"$25,000","$75,000","$100,000","$50,000",D,"$50,000","Washington requires at least $50,000 payable for bodily injury or death of two or more persons in any one collision.","WA Driver Guide §2.3, p. 43",insurance|liability
vehicles-003,vehicles,medium,What is the minimum liability insurance coverage required in Washington for property damage in one collision?,"$15,000","$10,000","$25,000","$20,000",B,"$10,000","Washington requires at least $10,000 payable for injury to or destruction of property of others in any one collision.","WA Driver Guide §2.3, p. 43",insurance|property-damage
vehicles-004,vehicles,easy,Where must you keep your proof of liability insurance in Washington?,Only at home in a secure location,Filed at the Department of Licensing,Only in a digital format on your phone,With you or in your vehicle,D,With you or in your vehicle,You must keep proof of insurance with you or in your vehicle at all times.,"WA Driver Guide §2.3, p. 43",insurance|proof
vehicles-005,vehicles,medium,Within how many days must you file a Vehicle Report of Sale after selling your vehicle to another individual?,5 days,15 days,10 days,30 days,A,5 days,"If you sell, trade, gift, or dispose of your vehicle, you must file a Vehicle Report of Sale within 5 days.","WA Driver Guide §2.1, p. 42",report-of-sale|deadlines
vehicles-006,vehicles,medium,"After purchasing a vehicle from an individual, within how many days must the buyer transfer ownership to avoid penalty fees?",5 days,15 days,10 days,30 days,B,15 days,The purchaser must bring the signed title to a licensing office to transfer ownership within 15 days to avoid penalty fees.,"WA Driver Guide §2.1, p. 42",title-transfer|deadlines
vehicles-007,vehicles,medium,Does filing a Vehicle Report of Sale transfer ownership of a vehicle?,"Yes, ownership transfers automatically when the report is filed","No, the title must be signed and given to the purchaser to transfer ownership","Yes, but only after 30 days","Yes, if both parties sign the report",B,"No, the title must be signed and given to the purchaser to transfer ownership","A report of sale does not transfer ownership. The title must be signed and dated by the owner(s) and given to the purchaser, who must then bring it to a licensing office.","WA Driver Guide §2.1, p. 42",report-of-sale|title-transfer
vehicles-008,vehicles,easy,Where must license plates be displayed on motor vehicles registered in Washington?,Front and rear,Front only,Rear only,Either front or rear,A,Front and rear,License plates must be clearly displayed on the front and rear of motor vehicles registered in Washington.,"WA Driver Guide §2.2, p. 43",license-plates|registration
vehicles-009,vehicles,easy,What is illegal regarding license plate frames in Washington?,Using any type of frame around the plate,Using a colored or decorative frame,"Covering the letters, numbers, or tabs on the plate",Using a frame not purchased from the dealer,C,"Covering the letters, numbers, or tabs on the plate","You can have a license plate frame, but it's illegal to cover the letters, numbers, or tabs on the plate.","WA Driver Guide §2.2, p. 43",license-plates|equipment
vehicles-010,vehicles,medium,How many days do new Washington residents have to complete their vehicle registration?,15 days,60 days,45 days,30 days,D,30 days,New residents have 30 days to complete their vehicle registration in Washington.,"WA Driver Guide §2.0, p. 41",registration|deadlines
vehicles-011,vehicles,medium,Until what age must children ride in a rear-facing car seat in Washington?,Age 2,Age 3,Age 1,Age 4,A,Age 2,Children up to age 2 must ride in a rear-facing car seat.,"WA Driver Guide §2.6, p. 53",child-restraints|car-seats
vehicles-012,vehicles,medium,At what age range must children ride in a car seat with a rear- or forward-facing harness in Washington?,Birth to 2 years,2 to 4 years,4 to 8 years,1 to 3 years,B,2 to 4 years,Children ages 2 to 4 years must ride in a car seat with a rear- or forward-facing harness.,"WA Driver Guide §2.6, p. 54",child-restraints|car-seats
vehicles-013,vehicles,medium,At what height can a child transition from a booster seat to using just a seat belt in Washington?,Over 4 feet tall,Over 5 feet tall,Over 4 feet 6 inches tall,Over 4 feet 9 inches tall,D,Over 4 feet 9 inches tall,"Children must ride in a car or booster seat until the vehicle lap and shoulder seat belts fit properly, typically when they are over 4'9"" tall.","WA Driver Guide §2.6, p. 54",child-restraints|booster-seats
vehicles-014,vehicles,easy,Why should children under the age of 13 never ride in the front seat?,They cannot reach the dashboard controls,They could be seriously injured or killed if an airbag deploys,It is illegal for them to wear a seat belt in front,The front seat offers less legroom for children,B,They could be seriously injured or killed if an airbag deploys,Children under age 13 should never ride in the front seat because they could be seriously injured or killed if an airbag deploys.,"WA Driver Guide §2.6, p. 54",airbags|child-safety
vehicles-015,vehicles,medium,How far should your chest be from the steering wheel to allow space for the airbag?,At least 6 inches,At least 8 inches,At least 10 inches,At least 12 inches,C,At least 10 inches,Your chest should be at least 10 inches from the steering wheel to leave space for the airbag.,"WA Driver Guide §2.5, p. 51",seat-adjustment|airbags
vehicles-016,vehicles,easy,Where should the headrest be positioned to protect against whiplash?,Even with your ears,Even with the top of your head,At the base of your neck,Above the top of your head,A,Even with your ears,"To protect yourself from whiplash, make sure the headrest is even with your ears.","WA Driver Guide §2.5, p. 51",headrest|seat-adjustment
vehicles-017,vehicles,easy,What is the recommended hand position on the steering wheel for most driving situations?,8 and 4 o'clock,9 and 3 o'clock,12 and 6 o'clock,7 and 5 o'clock,B,9 and 3 o'clock,Place your hands on the top half of the steering wheel at 9 and 3 (or 10 and 2) for the best control.,"WA Driver Guide §2.7, p. 55",steering|hand-position
vehicles-018,vehicles,medium,Which steering method is recommended because it keeps your arms away from the airbag area?,One-hand steering,Hand-over-hand steering,Palm steering,Hand-to-hand (pull/push) steering,D,Hand-to-hand (pull/push) steering,"Hand-to-hand (pull/push) steering keeps both hands on the wheel without crossing over, reducing the chance of arm or hand injury if the airbag deploys.","WA Driver Guide §2.7, p. 56",steering|safety
vehicles-019,vehicles,medium,When should you use hand-over-hand steering?,"When turning at low speeds, with limited visibility, or when parking",Only on highways at high speeds,Only when driving in reverse,When driving on straight roads,A,"When turning at low speeds, with limited visibility, or when parking","Hand-over-hand steering is used when turning at low speeds, with limited visibility, at an intersection, when parking, or when recovering from a skid.","WA Driver Guide §2.7, p. 57",steering|turning
vehicles-020,vehicles,medium,Which hand position is recommended when backing a vehicle using one-hand steering?,The 6 o'clock position,The 12 o'clock position,The 9 o'clock position,The 3 o'clock position,B,The 12 o'clock position,The 12 o'clock position is recommended only when backing a vehicle using one-hand steering.,"WA Driver Guide §2.7, p. 58",steering|backing
vehicles-021,vehicles,easy,What is the primary safety advantage of an Antilock Brake System (ABS)?,It allows you to steer during emergency braking,It shortens your stopping distance,It eliminates the need for brake maintenance,It automatically stops the vehicle at red lights,A,It allows you to steer during emergency braking,ABS offers an important safety advantage by allowing drivers to steer during an emergency braking situation. It does not shorten stopping distance but allows better steering control.,"WA Driver Guide §2.8, p. 59",braking|abs
vehicles-022,vehicles,medium,What is a common misconception about ABS that the driver guide corrects?,ABS eliminates the need for tire tread,ABS works only at high speeds,ABS shortens stopping distance,ABS replaces brake fluid,C,ABS shortens stopping distance,"An ABS does not shorten your stopping distance, but it will allow you to keep better steering control during emergency braking.","WA Driver Guide §2.8, p. 59",braking|abs
vehicles-023,vehicles,medium,What happens to a vehicle's weight distribution when you accelerate?,Weight shifts to the left side,Weight shifts to the front of the vehicle,Weight shifts to the back of the vehicle,Weight remains evenly distributed,C,Weight shifts to the back of the vehicle,"When you accelerate, the weight of the vehicle shifts to the back and increases pressure on the rear of the vehicle. This is called pitch.","WA Driver Guide §2.10, p. 60",weight-transfer|pitch
vehicles-024,vehicles,medium,What happens to a vehicle's weight distribution when you brake abruptly?,"Weight shifts forward, increasing pressure on the front",Weight shifts to the back of the vehicle,Weight shifts equally to both sides,Weight remains unchanged,A,"Weight shifts forward, increasing pressure on the front","If you stop abruptly, the weight shifts forward, increasing pressure on the front of the vehicle.","WA Driver Guide §2.10, p. 60",weight-transfer|pitch
vehicles-025,vehicles,medium,What is the term for the side-to-side weight shift that occurs when a vehicle turns?,Pitch,Roll,Yaw,Drift,B,Roll,"Roll is the side-to-side motion of a vehicle. When you make a turn, centrifugal force transfers weight to the outside of the vehicle, causing the body to roll to one side.","WA Driver Guide §2.10, p. 61",weight-transfer|roll
vehicles-026,vehicles,hard,"When stopped at an intersection, what reference point indicates you are approximately 3 to 6 inches from the stop line?",The stop line is under your front bumper,The stop line is at the center of your hood,The stop line is under your side mirror,The stop line is visible between your front tires,C,The stop line is under your side mirror,"At an intersection, stopping when the stop line is under your side mirror means you are about 3 to 6 inches from the line.","WA Driver Guide §2.11, p. 62",reference-points|stopping
vehicles-027,vehicles,medium,How can you determine your approximate lane position while driving?,Watch only your side mirrors,Check that the center of your hood is in line with lane markings,Look at where your tires meet the road,Follow the vehicle ahead of you,B,Check that the center of your hood is in line with lane markings,"To determine your lane position, check that the center of your hood is in line with lane markings. If they're in line, you're approximately 3 to 6 inches from the edge of the lane.","WA Driver Guide §2.11, p. 63",reference-points|lane-position
vehicles-028,vehicles,easy,What is the best way to tell if you are in a large truck's blind zone (no-zone)?,If you are within 200 feet of the truck,If you can hear the truck's engine,If you are behind the truck's rear axle,"If you cannot see the truck's mirrors, the driver cannot see you",D,"If you cannot see the truck's mirrors, the driver cannot see you","If you can't see a large vehicle's mirrors, the driver can't see you. Large vehicles have bigger blind zones called 'no zones.'","WA Driver Guide §2.13, p. 64",blind-zones|trucks
vehicles-029,vehicles,easy,What should you do if you find yourself in another vehicle's blind zone?,Honk your horn to alert the other driver,Flash your headlights,Speed up or slow down so the driver can see you,Maintain your position until the other vehicle moves,C,Speed up or slow down so the driver can see you,You need to be aware of other vehicles' blind zones and do your best to stay out of them. You can speed up or slow down so the driver can clearly see you.,"WA Driver Guide §2.13, p. 64",blind-zones|defensive-driving
vehicles-030,vehicles,medium,What is the minimum tire tread depth required for safe driving?,4/32 of an inch,1/32 of an inch,2/32 of an inch,3/32 of an inch,C,2/32 of an inch,"Tire tread shouldn't be less than 2/32 of an inch. Worn tires can cause slipping and sliding, especially on wet roads.","WA Driver Guide §2.5, p. 48",tires|maintenance
vehicles-031,vehicles,medium,You must switch from high beams to regular headlights when you are within what distance of an oncoming vehicle?,500 feet,"1,000 feet",300 feet,200 feet,A,500 feet,You must switch back to regular headlights when you are 500 feet in front of an oncoming vehicle.,"WA Driver Guide §2.5, p. 50",headlights|high-beams
vehicles-032,vehicles,medium,"When following another vehicle, at what distance must you switch from high beams to regular headlights?",500 feet,200 feet,100 feet,300 feet,D,300 feet,You must switch back to regular headlights when you are 300 feet behind another vehicle.,"WA Driver Guide §2.5, p. 50",headlights|high-beams
vehicles-033,vehicles,medium,From what distance must brake lights be clearly visible?,100 feet,50 feet,200 feet,300 feet,A,100 feet,Your brake lights are red and must be clearly visible from 100 feet away.,"WA Driver Guide §2.5, p. 50",brake-lights|equipment
vehicles-034,vehicles,easy,How far in advance should you signal before making a turn?,200 feet,50 feet,150 feet,100 feet,D,100 feet,You should signal 100 feet before you make your move when turning.,"WA Driver Guide §2.5, p. 50",turn-signals|signaling
vehicles-035,vehicles,easy,Which of the following is part of the recommended pre-drive checklist?,Test the horn three times,Warm up the engine for 10 minutes,Check for fluid leaks under the vehicle and obstructions around it,Check tire pressure with a gauge before every trip,C,Check for fluid leaks under the vehicle and obstructions around it,"Before driving, check outside your vehicle for foreign objects in tires, broken glass, fluid leaks, obstructions, children, pets, or weather-related obstacles.","WA Driver Guide §2.14, p. 66",pre-drive|checklist
drivers-001,drivers,easy,"In Washington, what is the legal BAC (blood alcohol concentration) limit for drivers age 21 and older?",0.05%,0.08%,0.10%,0.02%,B,0.08%,"For drivers age 21 and older, having a BAC of 0.08% or higher is considered a DUI and can result in legal consequences.","WA Driver Guide §1.15, p. 37",alcohol|bac|dui
drivers-002,drivers,easy,What is the BAC limit for drivers under age 21 in Washington?,0.08%,0.04%,0.00%,0.02%,D,0.02%,"Drivers under age 21 face DUI consequences for having a BAC of 0.02% or more, reflecting Washington's stricter standard for minors.","WA Driver Guide §1.15, p. 37",alcohol|bac|minors
drivers-003,drivers,medium,"For drivers age 21 and older, what is the legal THC limit in Washington?",5 nanograms per milliliter of blood,2 nanograms per milliliter of blood,0 nanograms per milliliter of blood,10 nanograms per milliliter of blood,A,5 nanograms per milliliter of blood,"For drivers age 21 and older, having more than 5 nanograms of active THC per milliliter of blood is considered a DUI.","WA Driver Guide §1.15, p. 37",cannabis|thc|dui
drivers-004,drivers,medium,What is the THC limit for drivers under age 21 in Washington?,5 nanograms per milliliter of blood,2 nanograms per milliliter of blood,1 nanogram per milliliter of blood,Anything above 0 nanograms per milliliter of blood,D,Anything above 0 nanograms per milliliter of blood,Drivers under age 21 face DUI consequences for anything more than 0 nanograms of active THC per milliliter of blood in their system.,"WA Driver Guide §1.15, p. 37",cannabis|thc|minors
drivers-005,drivers,medium,"Under Washington's Implied Consent Law, what do you agree to when you drive in the state?",You agree to carry proof of insurance at all times,You agree to pull over for any law enforcement request,You agree to submit to a vehicle inspection at any time,You agree to be tested if an officer suspects you are under the influence of alcohol or drugs,D,You agree to be tested if an officer suspects you are under the influence of alcohol or drugs,"Under the Implied Consent Law (RCW 46.20.308), everyone who drives in Washington agrees to be tested if an officer suspects they are under the influence of alcohol or drugs.","WA Driver Guide §1.15, p. 37",implied-consent|dui|law
drivers-006,drivers,medium,"If you refuse to submit to a BAC or drug test in Washington, how long could you lose your driving privilege?",90 to 730 days,60 to 180 days,30 to 60 days,1 to 5 years,A,90 to 730 days,"If you refuse to be tested, you could lose your driving privilege for 90 to 730 days, or until you reach age 21, whichever is longer.","WA Driver Guide §1.15, p. 37",implied-consent|suspension|refusal
drivers-007,drivers,hard,A 19-year-old driver refuses a breath test after being pulled over on suspicion of DUI. What is the minimum period they could lose their driving privilege?,90 days,Until they reach age 21,6 months,The longer of 90 days or until they reach age 21,D,The longer of 90 days or until they reach age 21,"If you refuse to be tested, you could lose your driving privilege for 90 to 730 days, or until you reach age 21, whichever is longer. For a 19-year-old, reaching age 21 would be longer than 90 days.","WA Driver Guide §1.15, p. 37",implied-consent|minors|suspension
drivers-008,drivers,hard,"In Washington, DUI applies to which of the following situations?",Only when the vehicle is moving on a public road,Only when the vehicle is moving above 5 mph,"Being in physical control of a vehicle, even if it is parked",Only when the vehicle is on a highway,C,"Being in physical control of a vehicle, even if it is parked","DUI also applies to being in control of a vehicle, even if it's parked. If you have the ability to take control of a vehicle's engine or operation, you are considered in physical control of the vehicle.","WA Driver Guide §1.15, p. 37",dui|physical-control|law
drivers-009,drivers,medium,What is the range of license suspension for a DUI conviction in Washington?,90 days to 4 years,60 days to 2 years,30 days to 1 year,6 months to 5 years,A,90 days to 4 years,"DUI convictions can include driving privileges suspended for 90 days to 4 years, depending on the circumstances and prior offenses.","WA Driver Guide §1.15, p. 38",dui|suspension|penalties
drivers-010,drivers,hard,Which of the following is NOT listed as a potential consequence of a DUI conviction in Washington?,Ignition interlock device required to drive,Community service of at least 200 hours,Higher insurance rates,Required alcohol assessment and treatment report,B,Community service of at least 200 hours,"DUI convictions can include loss of license, heavy fines, criminal penalties, jail, higher insurance rates, ignition interlock devices, and required alcohol assessment. Community service of 200 hours is not listed in the guide.","WA Driver Guide §1.15, p. 38",dui|penalties
drivers-011,drivers,medium,"Under Washington's open container law, where must open alcohol or cannabis products be transported?",In the glove compartment,Under the front seat,In a trunk or truck bed,In any sealed bag within the vehicle,C,In a trunk or truck bed,Open alcohol and cannabis products can only be transported in a trunk or truck bed. They cannot be kept in storage compartments accessible to the driver.,"WA Driver Guide §1.15, p. 39",open-container|law
drivers-012,drivers,medium,Which of the following violates Washington's open container law?,A bottle of alcohol with a broken seal in the passenger area,A partially consumed bottle of alcohol in the trunk,An unopened bottle of wine on the back seat,A sealed six-pack in the back seat,A,A bottle of alcohol with a broken seal in the passenger area,"It is a traffic infraction if any person in a vehicle possesses alcohol containers that have been opened, have a broken seal, or are partially consumed in the passenger area. Such items must be in a trunk or truck bed.","WA Driver Guide §1.15, p. 38",open-container|law
drivers-013,drivers,easy,How long do alcohol- and drug-related offenses remain on your driving record in Washington?,5 years,7 years,10 years,For life,D,For life,Alcohol- and drug-related offenses appear on your driving record for life.,"WA Driver Guide §1.15, p. 38",dui|record|penalties
drivers-014,drivers,easy,Which of the following is an effect of alcohol on driving ability?,Increased peripheral vision,Faster reaction times,Reduced reaction times and difficulty doing multiple tasks,Improved concentration in low-light conditions,C,Reduced reaction times and difficulty doing multiple tasks,"Alcohol can cause reduced reaction times, concentration, and ability to scan the environment, as well as difficulty doing multiple tasks at once, like staying in a lane and avoiding other traffic.","WA Driver Guide §3.1, p. 72",alcohol|impairment|effects
drivers-015,drivers,medium,Which psychological effect does alcohol have that makes it particularly dangerous for drivers?,It causes excessive caution and hesitation,It causes drivers to drive below the speed limit,It makes drivers overly aware of other vehicles,"It produces overconfidence, which can lead to risky driving behavior",D,"It produces overconfidence, which can lead to risky driving behavior","Alcohol can cause overconfidence, which can lead to risky driving behavior. This is especially dangerous because impaired drivers may believe they are driving safely when they are not.","WA Driver Guide §3.1, p. 72",alcohol|impairment|judgment
drivers-016,drivers,medium,"In Washington, recreational use of marijuana is legal for those age 21 and over. When is it legal to drive after consuming cannabis?",Driving after consuming any cannabis is illegal for all ages,When you feel the effects have worn off,When your THC level is below 5 nanograms,Two hours after consuming cannabis,A,Driving after consuming any cannabis is illegal for all ages,Driving after consuming any cannabis is illegal for all ages. The guide states there is no safe amount of cannabis for driving.,"WA Driver Guide §3.1, p. 73",cannabis|dui|law
drivers-017,drivers,easy,Which of the following is a way cannabis can impair driving?,Increased alertness and focus,Faster decision-making,Increased drowsiness and loss of motor coordination,Heightened peripheral vision,C,Increased drowsiness and loss of motor coordination,"Cannabis can impair drivers through increased drowsiness, loss of motor coordination, slower reaction times, reduced attention, and inability to judge distances.","WA Driver Guide §3.1, p. 73",cannabis|impairment|effects
drivers-018,drivers,easy,"A driver takes a new prescription medication for the first time. According to the guide, what should they do before driving?","Wait until they know what effect it has on their judgment, coordination, and reaction time",Drive only on local roads to test the medication's effect,Take a lower dose than prescribed when planning to drive,Drive only during daylight hours for the first week,A,"Wait until they know what effect it has on their judgment, coordination, and reaction time","Do not drive if you just started taking prescription drugs for the first time, started a new prescription, or a higher dose. Wait until you know what effect it has on your judgment, coordination, and reaction time.","WA Driver Guide §3.1, p. 74",medications|prescription|impairment
drivers-019,drivers,easy,Why might over-the-counter cold or allergy medication be dangerous for drivers?,They always contain alcohol,"They can make a person drowsy, affecting driving ability",They impair vision permanently,They cause aggressive driving behavior,B,"They can make a person drowsy, affecting driving ability","Over-the-counter drugs taken for headaches, colds, or allergies can make a person drowsy, which could affect driving. Like alcohol, they can affect reflexes, judgment, vision, and alertness.","WA Driver Guide §3.1, p. 74",medications|otc|drowsiness
drivers-020,drivers,medium,What does the guide say about taking prescription drugs with alcohol?,It is safe as long as you take half the recommended dose,It is only dangerous with pain medications,Prescription drugs cancel out the effects of alcohol,Many drugs multiply the effects of alcohol and can cause severe impairment,D,Many drugs multiply the effects of alcohol and can cause severe impairment,"Some medications might not impact you on their own, but if taken with alcohol, they could cause severe impairment. Many drugs multiply the effects of alcohol or have other side effects.","WA Driver Guide §3.1, p. 74",medications|alcohol|polydrug
drivers-021,drivers,medium,"What is polydrug use, and why is it especially dangerous for drivers?",Using the same drug in increasing amounts; it causes tolerance,Mixing or taking more than one type of drug; it can produce effects greater than any drug on its own,Taking drugs at different times of day; it causes unpredictable effects,Using drugs prescribed for someone else; it causes allergic reactions,B,Mixing or taking more than one type of drug; it can produce effects greater than any drug on its own,Polydrug use is the mixing or taking of more than one type of drug. It can produce effects greater than any drug on its own and is the most common impairment involved in fatal crashes.,"WA Driver Guide §3.1, p. 75",polydrug|impairment|fatal-crashes
drivers-022,drivers,hard,"According to the guide, what is the most common impairment involved in fatal crashes?",Polydrug use (mixing more than one type of drug),Cannabis alone,Alcohol alone,Fatigue,A,Polydrug use (mixing more than one type of drug),"Polydrug use is the most common impairment involved in fatal crashes. It includes combinations of alcohol, cannabis, illegal drugs, prescription drugs, over-the-counter medicines, and other substances.","WA Driver Guide §3.1, p. 75",polydrug|fatal-crashes|impairment
drivers-023,drivers,easy,Which of the following is a sign of driver fatigue that means you should pull over?,Checking mirrors frequently,Drifting from your lane and hitting rumble strips,Feeling alert after drinking coffee,Adjusting your radio station,B,Drifting from your lane and hitting rumble strips,"Signs of fatigue include drifting from your lane, swerving, tailgating, hitting rumble strips, difficulty focusing, heavy eyelids, and trouble keeping your head up.","WA Driver Guide §3.1, p. 75",fatigue|drowsy-driving|signs
drivers-024,drivers,easy,"If you are driving alone and start to feel tired, what does the guide recommend?",Pull off the road and take a 20-minute nap,Drink coffee and keep driving,Open the windows and turn up the radio,Drive faster to reach your destination sooner,A,Pull off the road and take a 20-minute nap,"If you're traveling alone and start to feel tired, pull off the road and take a 20-minute nap. It's better to stop and sleep than to risk causing an accident.","WA Driver Guide §3.1, p. 76",fatigue|drowsy-driving|safety
drivers-025,drivers,medium,How often should you plan to stop during long trips to combat fatigue?,Every 50 miles or 1 hour,Every 150 miles or 4 hours,Every 200 miles or 3 hours,Every 100 miles or 2 hours,D,Every 100 miles or 2 hours,"Plan to stop about every 100 miles or 2 hours during long trips. Walk around, get fresh air, and drink water.","WA Driver Guide §3.1, p. 76",fatigue|trip-planning|safety
drivers-026,drivers,easy,How many hours of sleep do most people need to stay alert for driving?,4 to 6 hours,5 to 7 hours,7 to 9 hours,9 to 11 hours,C,7 to 9 hours,Most people need 7 to 9 hours of adequate sleep to stay alert for driving.,"WA Driver Guide §3.1, p. 76",fatigue|sleep|safety
drivers-027,drivers,easy,What does Washington law say about wearing earbuds or headphones while driving?,"It is against the law to wear earbuds, earphones, headphones, or headsets that broadcast sound or cancel noise",You may wear them only on highways,You may wear them in both ears if the volume is low,You may wear them as long as you can still hear sirens,A,"It is against the law to wear earbuds, earphones, headphones, or headsets that broadcast sound or cancel noise","It is against the law to drive a vehicle while wearing earbuds, earphones, headphones, or headsets that broadcast sound or cancel noise.","WA Driver Guide §3.0, p. 71",earbuds|hearing|law
drivers-028,drivers,medium,"Under Washington law, when may a driver use a hands-free device in one ear?","Any time while driving, regardless of device type",Only when the device complies with Washington Administrative Code statute 204-10-045,Only on interstate highways,Only when the vehicle is stopped at a traffic light,B,Only when the device complies with Washington Administrative Code statute 204-10-045,You can use a hands-free device in one ear if it complies with Washington Administrative Code statute 204-10-045.,"WA Driver Guide §3.0, p. 71",hands-free|hearing|law
drivers-029,drivers,hard,A driver with an instruction permit or intermediate license wants to use a hands-free Bluetooth device while driving. Is this legal in Washington?,"No, they cannot use a cell phone or any mobile electronic device while driving, even if hands-free","Yes, but only for navigation purposes","Yes, hands-free devices are permitted for all drivers","Yes, but only for calls lasting less than 2 minutes",A,"No, they cannot use a cell phone or any mobile electronic device while driving, even if hands-free","If you have an instruction permit or intermediate license, you cannot use a cell phone or any mobile electronic device while driving, even if it is hands-free. The only exception is reporting an emergency.","WA Driver Guide §3.0, p. 71",intermediate-license|cell-phone|hands-free
drivers-030,drivers,easy,"Under Washington's distracted driving law, which action is prohibited for ALL drivers regardless of age?",Talking to passengers,Holding any electronic device while driving,Listening to the radio,Using a mounted GPS for navigation,B,Holding any electronic device while driving,"You cannot hold any electronic device while driving (like cell phones, tablets, or gaming devices). This applies to all drivers, regardless of age or experience.","WA Driver Guide §3.4, p. 86",distracted-driving|electronic-devices|law
drivers-031,drivers,easy,Which of the following devices is specifically mentioned as prohibited to hold while driving in Washington?,Car key fob,Sunglasses,Gaming device,Water bottle,C,Gaming device,"You cannot hold any electronic device while driving, including cell phones, tablets, or gaming devices.","WA Driver Guide §3.4, p. 86",distracted-driving|electronic-devices|law
drivers-032,drivers,medium,What happens to fines for distracted driving after your first violation in Washington?,They remain the same amount,They are converted to community service,They are reduced if you complete a safety course,They can be doubled,D,They can be doubled,"A law enforcement officer can issue a ticket for violating the distracted driving law, which might result in heavy fines. Fines after your first violation can be doubled.","WA Driver Guide §3.4, p. 86",distracted-driving|fines|penalties
drivers-033,drivers,hard,An intermediate license holder receives their second traffic violation. What is the penalty?,A written warning from the DOL,"License suspended for 6 months or until age 18, whichever comes first",License suspended for 1 year,Required to retake the driving skills test,B,"License suspended for 6 months or until age 18, whichever comes first","For an intermediate license holder's second violation, the license is suspended for 6 months or until they turn 18, whichever comes first.","WA Driver Guide §1.8, p. 29",intermediate-license|penalties|suspension
drivers-034,drivers,medium,Which of the following best describes impaired driving according to the Washington Driver Guide?,Driving only after consuming illegal drugs,Driving after consuming more than two alcoholic drinks,"Driving when anything makes it hard to think straight, respond quickly, or control your car",Driving only when your BAC exceeds the legal limit,C,"Driving when anything makes it hard to think straight, respond quickly, or control your car","Impaired driving happens when anything makes it hard for you to think straight, respond quickly, or control your car. This includes alcohol, drugs, or being tired.","WA Driver Guide §3.1, p. 72",impaired-driving|definition
drivers-035,drivers,hard,A driver is parked in a parking lot with the engine running and the keys in the ignition after drinking. Can they be charged with DUI?,"No, because the vehicle is not on a public road","Yes, because they have the ability to take control of the vehicle's engine or operation","No, because the vehicle is not moving",Only if they are in the driver's seat,B,"Yes, because they have the ability to take control of the vehicle's engine or operation","DUI applies to being in control of a vehicle, even if it's parked. If you have the ability to take control of a vehicle's engine or operation, you are considered in physical control of the vehicle.","WA Driver Guide §1.15, p. 37",dui|physical-control|scenario
drivers-036,drivers,easy,"According to the guide, which statement about even experienced drivers and alcohol is true?",Experienced drivers can safely drive after one drink,Experience helps compensate for alcohol's effects,Even an experienced driver cannot drive safely after drinking alcohol or using drugs,Experienced drivers have a higher BAC tolerance,C,Even an experienced driver cannot drive safely after drinking alcohol or using drugs,The guide states that even an experienced driver cannot drive safely after drinking alcohol or using drugs. Making the choice to never drive under the influence will save lives.,"WA Driver Guide §3.1, p. 72",alcohol|experience|safety
drivers-037,drivers,medium,"A medication label warns against 'operating heavy machinery.' According to the guide, what does this include?",Only construction equipment,Only commercial trucks,Driving a vehicle,Only forklifts and cranes,C,Driving a vehicle,Warnings against 'operating heavy machinery' include driving a vehicle. Read all warning labels before driving.,"WA Driver Guide §3.1, p. 74",medications|warning-labels|impairment
drivers-038,drivers,easy,What is the most common impairing substance involved in impaired driving crashes?,Cannabis,Prescription drugs,Alcohol,Over-the-counter medications,C,Alcohol,Alcohol is the most common impairing substance involved in impaired driving crashes.,"WA Driver Guide §3.1, p. 72",alcohol|crashes|impairment
drivers-039,drivers,medium,A 17-year-old intermediate license holder wants to call a friend while driving. Under what circumstance may they use their phone?,If they use a hands-free Bluetooth device,If the call lasts less than one minute,Only to report an emergency,If they pull into a designated phone zone,C,Only to report an emergency,"Intermediate license laws restrict the use of cell phones and wireless communication devices while driving, even with hands-free technology. The only exception is using your phone to report an emergency.","WA Driver Guide §1.8, p. 29",intermediate-license|cell-phone|emergency
drivers-040,drivers,hard,"A driver notices they are blinking frequently, feeling restless, and cannot remember driving the last few miles. What should they do?",Turn up the air conditioning and continue driving,Call someone to stay awake while driving,Pull over and rest because these are signs of fatigue,Switch to a higher-speed road to stay alert,C,Pull over and rest because these are signs of fatigue,"Frequent blinking, feeling restless, and not remembering the last few miles are signs of fatigue. The guide advises pulling over and resting when these signs appear.","WA Driver Guide §3.1, p. 75",fatigue|drowsy-driving|scenario
signs-signals-001,signs-signals,easy,An octagonal (eight-sided) red sign with white letters means:,Yield to traffic,Stop completely before proceeding,Slow down and watch for hazards,Road construction ahead,B,Stop completely before proceeding,"An octagonal red sign is a stop sign. You must stop at the line, crosswalk, or corner and yield the right-of-way to crossing vehicles and pedestrians.","WA Driver Guide §4.12, p. 114",signs|shapes|regulatory
signs-signals-002,signs-signals,easy,A triangular sign with a red border and white interior means:,Stop completely,No entry allowed,Yield — slow down and allow traffic with the right-of-way to cross first,School zone ahead,C,Yield — slow down and allow traffic with the right-of-way to cross first,A yield sign is triangular (point-down) with a red border and white interior. It means you must slow down and allow traffic that has the right-of-way to cross first.,"WA Driver Guide §4.12, p. 114",signs|shapes|regulatory
signs-signals-003,signs-signals,easy,What does a diamond-shaped yellow sign indicate?,A regulatory speed restriction,A warning about general or unexpected road conditions,Motorist services ahead,Recreational area nearby,B,A warning about general or unexpected road conditions,"Diamond-shaped yellow signs are warning signs that alert drivers to general or unexpected road conditions ahead, such as curves, hills, or merging traffic.","WA Driver Guide §4.12, p. 113",signs|shapes|warning
signs-signals-004,signs-signals,easy,A pentagon-shaped (five-sided) fluorescent yellow-green sign indicates:,A work zone ahead,A school zone or school crossing,A hospital nearby,A railroad crossing,B,A school zone or school crossing,"Pentagon-shaped fluorescent yellow-green signs warn of school zones, pedestrian areas, and bicycling activity. The color fluorescent yellow-green is specifically reserved for these warnings.","WA Driver Guide §4.12, p. 113",signs|shapes|school
signs-signals-005,signs-signals,easy,A round yellow sign is reserved for warnings about:,School crossings,Railroad crossings,Sharp curves,Work zones,B,Railroad crossings,"Round yellow signs are advance warning signs for railroad crossings, alerting drivers that tracks are ahead.","WA Driver Guide §4.12, p. 113",signs|shapes|railroad
signs-signals-006,signs-signals,easy,"What color are signs that provide motorist services guidance, such as hospitals and rest areas?",Green,Blue,White,Brown,B,Blue,"Blue signs provide motorist services guidance, showing the location of hospitals, electric vehicle charging stations, rest areas, and other services.","WA Driver Guide §4.12, p. 113",signs|colors
signs-signals-007,signs-signals,easy,Brown traffic signs are used to identify:,Motorist services like gas and food,"Public recreation, cultural, and historical areas",Regulatory speed limits,Construction warnings,B,"Public recreation, cultural, and historical areas","Brown signs identify public recreation, cultural, and historical areas such as hiking trails, picnic spaces, national parks, and museums.","WA Driver Guide §4.12, p. 113",signs|colors
signs-signals-008,signs-signals,easy,What color are regulatory signs that tell you about traffic rules such as speed limits?,Yellow with black text,White with black text,Green with white text,Orange with black text,B,White with black text,"White signs are regulatory signs that inform drivers of traffic rules, including speed limits, keep-right requirements, and other mandatory or prohibited actions.","WA Driver Guide §4.12, p. 113",signs|colors|regulatory
signs-signals-009,signs-signals,easy,Orange signs are used to warn drivers about:,"Construction, maintenance, or emergency operations",School zones and pedestrian crossings,Railroad crossings ahead,Detour routes and guide information,A,"Construction, maintenance, or emergency operations","Orange signs warn of construction, maintenance, or emergency operations ahead where workers may be present near the roadway.","WA Driver Guide §4.12, p. 113",signs|colors|work-zone
signs-signals-010,signs-signals,easy,Green traffic signs are used for:,Guide or directional information,Regulatory speed information,Warning about hazards,Recreational areas,A,Guide or directional information,"Green signs provide guide or directional information, including directions and distances to cities, airports, state lines, and special areas.","WA Driver Guide §4.12, p. 113",signs|colors|guide
signs-signals-011,signs-signals,easy,What does a steady red traffic light mean?,Stop and wait until the light turns green and the intersection is clear,Stop and then proceed when safe,Slow down and prepare to stop,Yield to traffic already in the intersection,A,Stop and wait until the light turns green and the intersection is clear,A solid red light means stop and wait until the traffic light turns green and there are no vehicles or pedestrians in the intersection before moving ahead.,"WA Driver Guide §4.11, p. 110",signals|red
signs-signals-012,signs-signals,easy,A flashing red traffic light has the same meaning as:,A yield sign,A stop sign,A green light with caution,A speed advisory sign,B,A stop sign,"A flashing red traffic light functions as a stop sign. You must come to a full stop, and then go when it's your turn.","WA Driver Guide §4.11, p. 110",signals|flashing
signs-signals-013,signs-signals,medium,A flashing yellow traffic light has the same meaning as:,A stop sign,A green light,A do-not-enter sign,A yield sign,D,A yield sign,A flashing yellow light has the same meaning as a yield sign. You should treat the intersection as an uncontrolled intersection and proceed when you have the right-of-way.,"WA Driver Guide §4.11, p. 111",signals|flashing
signs-signals-014,signs-signals,medium,"When a traffic signal is not working (dark or malfunctioning), you should:",Treat the intersection like a four-way stop,Proceed through carefully without stopping,Yield only to traffic on your left,Wait for a police officer to direct traffic,A,Treat the intersection like a four-way stop,"If a traffic signal isn't working, treat the intersection like a four-way stop. Come to a complete stop, yield to traffic on your right, and proceed cautiously when it's safe.","WA Driver Guide §4.10, p. 109",signals|malfunction
signs-signals-015,signs-signals,medium,"After stopping at a steady red light, when is a right turn permitted?",Only when a sign says 'right turn allowed on red',Only when there is a green right-turn arrow,Never — you must always wait for a green signal,When no 'no turn on red' sign is posted and you have plenty of room to enter traffic,D,When no 'no turn on red' sign is posted and you have plenty of room to enter traffic,"After coming to a complete stop at a red light, you can turn right if you don't see a 'no turn on red' sign and you have plenty of room to enter traffic.","WA Driver Guide §4.11, p. 110",signals|turning|red
signs-signals-016,signs-signals,hard,"After stopping at a steady red light, a left turn is permitted only onto:",Any road with a clear gap in traffic,"A one-way street, if no 'no turn on red' sign is posted",A two-way street when traffic is clear,A road with a dedicated left-turn lane,B,"A one-way street, if no 'no turn on red' sign is posted","After coming to a complete stop at a red light, you can turn left onto a one-way street if you don't see a 'no turn on red' sign and you have plenty of room to enter traffic.","WA Driver Guide §4.11, p. 110",signals|turning|red
signs-signals-017,signs-signals,easy,A solid yellow traffic light means:,Speed up to clear the intersection,Stop immediately regardless of your position,The light is changing to red — slow down and prepare to stop,Yield to pedestrians only,C,The light is changing to red — slow down and prepare to stop,A solid yellow light means the light is changing to red. Slow down and prepare to stop. You are not allowed to accelerate beyond the posted speed limit to enter or clear an intersection.,"WA Driver Guide §4.11, p. 111",signals|yellow
signs-signals-018,signs-signals,medium,What does a yellow arrow signal mean?,You may turn after yielding to oncoming traffic,You have a protected turn — proceed without yielding,The signal is about to turn red — prepare to stop and yield to oncoming traffic,Turn is prohibited in the direction of the arrow,C,The signal is about to turn red — prepare to stop and yield to oncoming traffic,A yellow arrow means the light is going to turn red soon. Prepare to stop and give the right-of-way to oncoming traffic.,"WA Driver Guide §4.11, p. 111",signals|arrows|yellow
signs-signals-019,signs-signals,medium,A green arrow signal means:,You have the right-of-way to travel in the direction of the arrow with no conflicting traffic,You may proceed in the direction of the arrow but must yield to oncoming traffic,You may turn only if the intersection is clear,Proceed with caution — crossing traffic may still be present,A,You have the right-of-way to travel in the direction of the arrow with no conflicting traffic,"A green arrow gives you the right-of-way to travel in that direction. There should be no oncoming vehicles, crossing traffic, or pedestrians while the arrow is green.","WA Driver Guide §4.11, p. 112",signals|arrows|green
signs-signals-020,signs-signals,easy,A red arrow signal means:,You may turn after stopping and yielding,Slow down and prepare to stop,You cannot go in the direction of the arrow,Yield to oncoming traffic before turning,C,You cannot go in the direction of the arrow,A red arrow means you can't go in the direction of the arrow. You must stop and wait.,"WA Driver Guide §4.11, p. 110",signals|arrows|red
signs-signals-021,signs-signals,medium,"At a solid green traffic light, a driver turning left must:",Proceed immediately since green means go,Honk to alert oncoming traffic of the turn,Wait for a green arrow before turning,Yield to approaching vehicles — oncoming traffic has the right-of-way,D,Yield to approaching vehicles — oncoming traffic has the right-of-way,"When turning left at a green light, you must yield to approaching vehicles. Oncoming traffic has the right-of-way. Wait for a safe break in traffic before completing the turn.","WA Driver Guide §4.11, p. 112",signals|turning|green
signs-signals-022,signs-signals,hard,What is true about accelerating through a yellow light?,It is legal if you can clear the intersection before it turns red,It is allowed only if no pedestrians are present,You are not allowed to accelerate beyond the posted speed limit to enter or clear an intersection,It is permitted on multi-lane roads,C,You are not allowed to accelerate beyond the posted speed limit to enter or clear an intersection,You are not allowed to accelerate beyond the posted speed limit to enter or clear an intersection when the light is yellow.,"WA Driver Guide §4.11, p. 111",signals|yellow|speed
signs-signals-023,signs-signals,medium,You are already in an intersection when the light turns yellow. You should:,Stop immediately in the intersection,Back up to the stop line,Speed up to exit the intersection faster,Continue through the intersection at the posted speed,D,Continue through the intersection at the posted speed,"If you're in the intersection when the yellow light comes on, continue through the intersection at the posted speed. Do not stop in the intersection or accelerate.","WA Driver Guide §4.11, p. 111",signals|yellow
signs-signals-024,signs-signals,medium,A 'Do Not Enter' sign is a square sign featuring:,A white horizontal line inside a red circle,A red circle with a red slash over a symbol,A red octagon with white letters,A red triangle pointing downward,A,A white horizontal line inside a red circle,"A Do Not Enter sign is a square sign with a white horizontal line inside a circle, indicating you can't enter the street from that direction.","WA Driver Guide §4.12, p. 116",signs|regulatory
signs-signals-025,signs-signals,easy,A regulatory sign with a red circle and a red slash over a symbol means:,The road is closed ahead,Construction activity prohibits entry,Emergency vehicles only,Certain actions such as turns or U-turns are not allowed,D,Certain actions such as turns or U-turns are not allowed,"Regulatory signs with a red circle and red slash over a symbol indicate that certain actions, such as left turns, right turns, or U-turns, are not allowed.","WA Driver Guide §4.12, p. 116",signs|regulatory
signs-signals-026,signs-signals,medium,"If you see a 'Wrong Way' sign while driving, you should:",Stop and turn around immediately,Pull to the right and stop,Slow down and proceed with caution,Continue and look for a detour sign,A,Stop and turn around immediately,A Wrong Way sign alerts you that you're driving in the wrong direction and is meant to prevent head-on collisions. You must stop and turn around immediately.,"WA Driver Guide §4.12, p. 116",signs|regulatory
signs-signals-027,signs-signals,medium,What is the posted speed limit in a school zone in Washington?,15 mph,20 mph,25 mph,30 mph,B,20 mph,The school zone speed limit is 20 mph because higher speeds increase the risk of fatal crashes near schools.,"WA Driver Guide §4.17, p. 140",signs|school|speed
signs-signals-028,signs-signals,medium,"In a work zone, fines for traffic offenses are:",Doubled when workers are present,The same as in other areas,Tripled when workers are present,Only increased for speeding violations,A,Doubled when workers are present,Fines double for offenses committed while driving in construction areas when workers are present.,"WA Driver Guide §4.12, p. 117",work-zone|penalties
signs-signals-029,signs-signals,easy,Flashing red lights at a railroad crossing mean:,Slow down and proceed with caution,You may proceed if you don't see a train,The crossing signal is malfunctioning,A train is approaching — stop and stay outside the gates,D,A train is approaching — stop and stay outside the gates,Flashing red lights at a railroad crossing mean a train is approaching and you need to stay outside of the gates.,"WA Driver Guide §4.7, p. 104",railroad|signals
signs-signals-030,signs-signals,medium,"When lights are flashing and bells are ringing at a railroad crossing, you must stop even if:",You can see the train is far away,The gate is not down yet,Other vehicles are proceeding through,The crossing has no gate,B,The gate is not down yet,"When lights are flashing and bells are ringing at a train crossing, you must stop — whether the gate is down or not. Never drive around the gate.","WA Driver Guide §4.7, p. 105",railroad|signals
signs-signals-031,signs-signals,hard,"When stopping for a railroad crossing signal, you must stop between what distances from the nearest rail?",5 and 25 feet,10 and 40 feet,15 and 50 feet,20 and 60 feet,C,15 and 50 feet,You must stop between 15 and 50 feet away from the nearest rail of a crossing when warning signals are active.,"WA Driver Guide §4.7, p. 105",railroad|distances
signs-signals-032,signs-signals,hard,"On a lane-use control signal above a reversible lane, a steady yellow X means:",The lane is open to traffic in your direction,The lane is closed — do not enter,The lane is for emergency vehicles only,The lane is changing direction — move out as soon as it's safe,D,The lane is changing direction — move out as soon as it's safe,"A steady yellow X over a reversible lane means the lane is changing direction, and you should move out of the lane as soon as it's safe.","WA Driver Guide §4.16, p. 136",signals|lanes
signs-signals-033,signs-signals,medium,"On a lane-use control signal, a red X means:",The lane is about to change direction,The lane is reserved for carpools,You cannot use this lane,Slow down — the lane is merging,C,You cannot use this lane,A red X over a reversible lane means you cannot use that lane. Only a green arrow means the lane is open to travel in your direction.,"WA Driver Guide §4.16, p. 136",signals|lanes
signs-signals-034,signs-signals,easy,"On a lane-use control signal, a green arrow means:",You can use the lane for travel in your direction,The lane is about to close,The lane is reserved for emergency vehicles,The lane is for high-occupancy vehicles only,A,You can use the lane for travel in your direction,A green arrow over a reversible lane means you can use the lane for travel in your direction.,"WA Driver Guide §4.16, p. 136",signals|lanes
signs-signals-035,signs-signals,medium,"Traffic control devices include signals, signs, and road markings. Who has the authority to overrule these devices?",Only police officers,Any driver in an emergency,"Law enforcement, construction workers, maintenance personnel, and school crossing guards",Only emergency vehicle operators,C,"Law enforcement, construction workers, maintenance personnel, and school crossing guards","Law enforcement, construction workers, maintenance personnel, and school crossing guards can direct traffic and overrule traffic signals. Their orders or directions must be followed.","WA Driver Guide §4.10, p. 109",signals|regulatory
signs-signals-036,signs-signals,easy,A 'One Way' sign with an arrow pointing left tells you:,Left turns only are permitted,You must turn left at the next intersection,The left lane is for turning only,Traffic flows only in the direction of the arrow on that street,D,Traffic flows only in the direction of the arrow on that street,One Way signs identify where traffic flows only in the direction of the arrow. You must never drive the wrong way on a one-way street.,"WA Driver Guide §4.12, p. 115",signs|regulatory
signs-signals-037,signs-signals,medium,What does a fluorescent yellow-green colored sign specifically warn about?,Railroad crossings ahead,Sharp curves or turns,"School, pedestrian, and bicycling activity",Upcoming highway merge,C,"School, pedestrian, and bicycling activity","Fluorescent yellow-green signs specifically warn of school, pedestrian, and bicycling activity areas.","WA Driver Guide §4.12, p. 113",signs|colors|school
signs-signals-038,signs-signals,hard,A speed warning sign (often seen before curves) indicates:,The mandatory minimum speed for that section,The maximum legal speed limit for that section,A recommended speed change for a potential hazard,The speed limit only during wet conditions,C,A recommended speed change for a potential hazard,"Speed warning signs indicate that a speed change is recommended for a potential hazard or road condition, often a curve or turn. Adjust your speed appropriately.","WA Driver Guide §4.12, p. 115",signs|speed|warning
signs-signals-039,signs-signals,hard,How does a flashing red light differ from a steady red light at an intersection?,A flashing red requires you to wait for green; a steady red allows turns,A flashing red means yield; a steady red means stop,A flashing red functions as a stop sign (stop then proceed when safe); a steady red requires waiting for green,There is no difference — both require stopping until the light changes,C,A flashing red functions as a stop sign (stop then proceed when safe); a steady red requires waiting for green,A flashing red functions as a stop sign — stop and proceed when it's your turn. A steady red requires you to stop and wait until the light turns green and the intersection is clear.,"WA Driver Guide §4.11, p. 110",signals|flashing|red
signs-signals-040,signs-signals,hard,How does a flashing yellow light differ from a steady yellow light?,Flashing yellow means yield/proceed with right-of-way; steady yellow means the light is about to turn red,Flashing yellow means stop; steady yellow means yield,Both mean the same thing — slow down and prepare to stop,Flashing yellow means the signal is broken; steady yellow means caution,A,Flashing yellow means yield/proceed with right-of-way; steady yellow means the light is about to turn red,A flashing yellow functions like a yield sign — proceed when you have the right-of-way. A steady yellow means the light is changing to red and you should prepare to stop.,"WA Driver Guide §4.11, p. 111",signals|flashing|yellow
signs-signals-041,signs-signals,hard,You will NOT see a flashing green traffic light in Washington state. Where might you encounter one?,"Oregon, as a pedestrian crossing warning","California, as a protected turn signal","Idaho, as a school zone indicator","British Columbia, Canada, as a warning that pedestrians are waiting to cross",D,"British Columbia, Canada, as a warning that pedestrians are waiting to cross","You won't see a flashing green light in Washington state. However, you might see them in British Columbia, Canada, as a warning that pedestrians are waiting to cross.","WA Driver Guide §4.11, p. 112",signals|green|flashing
signs-signals-042,signs-signals,medium,"A slow-moving vehicle, such as a farm vehicle designed to go 25 mph or less, is identified by:",A round orange sign on the front,A flashing blue light on top,A triangle sign or emblem on the back,A rectangular white sign on the side,C,A triangle sign or emblem on the back,Agricultural and farm vehicles designed to go 25 mph or less will have a triangle sign or emblem on the back to alert other drivers.,"WA Driver Guide §4.8, p. 106",signs|shapes|agricultural
signs-signals-043,signs-signals,easy,What does a red sign color indicate?,Prohibitive or restricted action,Construction warning,General road condition warning,Guide or directional information,A,Prohibitive or restricted action,"Red as a sign color indicates a prohibitive or restricted action, such as stop, yield, do not enter, or wrong way.","WA Driver Guide §4.12, p. 113",signs|colors
signs-signals-044,signs-signals,hard,"Automated traffic safety cameras in Washington can record images when you fail to stop at a steady red light, exceed the speed limit in a school zone, or:",Make an illegal U-turn,Fail to yield at a yield sign,Drive in a bus-only lane,Fail to stop at a railroad crossing signal,D,Fail to stop at a railroad crossing signal,"Automated cameras record images if you fail to stop at a steady red light, fail to stop at a railroad crossing signal, or exceed the speed limit in a school zone.","WA Driver Guide §4.12, p. 115",signs|cameras|regulatory
signs-signals-045,signs-signals,hard,A sign indicating a shared center lane left turn only means the lane is reserved for:,Passing slower vehicles from either direction,Left-turning vehicles traveling in one direction only,Emergency vehicles and buses only,"Left-turning vehicles from either direction, not for through traffic or passing",D,"Left-turning vehicles from either direction, not for through traffic or passing",A shared center lane left turn only sign indicates the lane is reserved for left-turning vehicles from either direction and is not to be used for through traffic or passing other vehicles.,"WA Driver Guide §4.12, p. 116",signs|regulatory|lanes
right-of-way-001,right-of-way,hard,You arrive at a four-way stop at the same time as a vehicle to your right. Neither of you is turning. Who has the right-of-way?,"You, because you are to their left",Whoever flashes their headlights first,The vehicle traveling on the wider street,The vehicle to your right,D,The vehicle to your right,"At a four-way stop, if two vehicles arrive at approximately the same time, you must yield to the vehicle on your right.","WA Driver Guide §4.13, p. 122",right-of-way|four-way-stop
right-of-way-002,right-of-way,hard,"At a four-way stop, three vehicles arrive at approximately the same time. You arrived first, but plan to turn left. The vehicle across from you is going straight. What should you do?",Go first because you arrived first,Flash your lights to signal your intent to turn,"Wait, because any vehicle turning left must yield to vehicles going straight",Turn left quickly before the other vehicle enters the intersection,C,"Wait, because any vehicle turning left must yield to vehicles going straight","At a four-way stop, any vehicle turning left must yield the right-of-way to vehicles going straight or turning right, regardless of arrival order.","WA Driver Guide §4.13, p. 122",right-of-way|four-way-stop|left-turn
right-of-way-003,right-of-way,hard,"At a two-way stop intersection, you are on the stopped road and want to turn left. A vehicle on the through road is approaching from your left. Who has the right-of-way?",The vehicle on the through road going straight,"You, because the other vehicle is to your left",Whoever reaches the center of the intersection first,"You, because you stopped first",A,The vehicle on the through road going straight,"At a two-way stop, turning vehicles must yield to the vehicle going straight. The vehicle going straight has the right-of-way.","WA Driver Guide §4.13, p. 122",right-of-way|two-way-stop
right-of-way-004,right-of-way,medium,"When making either a left or right turn at an intersection, Washington law requires you to turn into which lane?",Any available lane on the new road,The lane closest to the direction you are coming from,The center lane,The far lane to avoid other turning traffic,B,The lane closest to the direction you are coming from,"State law requires you to turn into the lane closest to the direction you are coming from. Once you complete your turn, you can change to another lane if needed.","WA Driver Guide §4.14, p. 123",turning|lane-position
right-of-way-005,right-of-way,medium,How far before a turn must you activate your turn signal?,50 feet,200 feet,300 feet,100 feet,D,100 feet,You must put on your turn signal at least 100 feet before you turn left or right across oncoming traffic.,"WA Driver Guide §4.14, p. 123",turning|signals
right-of-way-006,right-of-way,medium,You are waiting to turn left at a green light. Oncoming traffic is approaching. What should you do?,Yield to oncoming traffic and wait for a safe gap before turning,Turn quickly before the oncoming vehicles arrive,Honk to alert oncoming traffic of your turn,Proceed because a green light always gives you the right-of-way,A,Yield to oncoming traffic and wait for a safe gap before turning,"When turning left at a green light, you must yield to approaching vehicles. Oncoming traffic has the right-of-way. Wait for a break in traffic before completing your turn.","WA Driver Guide §4.10, p. 112",left-turn|right-of-way|signals
right-of-way-007,right-of-way,medium,"In Washington, when are U-turns NOT allowed?",Only in school zones,At any intersection controlled by traffic lights,Within 500 feet of any intersection,"Where a sign prohibits them, on a curve, or near the crest of a hill",D,"Where a sign prohibits them, on a curve, or near the crest of a hill","In Washington, U-turns are generally allowed unless a sign is posted telling you they are not allowed. You must also not make a U-turn on a curve or when approaching the crest of a hill because you need clear visibility in all directions.","WA Driver Guide §4.14, p. 124",u-turn|turning
right-of-way-008,right-of-way,medium,You approach a T-intersection where the road you are on ends at a through road. There is a yield sign. Who has the right-of-way?,"You, because you are making a turn",Traffic on the through road,The vehicle that arrives first,The vehicle to your right only,B,Traffic on the through road,"At a T-intersection, passing traffic on the through road has the right-of-way. Yield or stop signs let you know this.","WA Driver Guide §4.14, p. 124",right-of-way|t-intersection
right-of-way-009,right-of-way,medium,"When approaching a roundabout, you must yield to:",Traffic entering from the right,Only emergency vehicles,Traffic entering from the left,All traffic already in the roundabout,D,All traffic already in the roundabout,You must look left and yield to all traffic already in the roundabout since they have the right-of-way. Enter only when you see a gap in traffic.,"WA Driver Guide §4.15, p. 127",roundabout|right-of-way
right-of-way-010,right-of-way,easy,What is the correct direction of travel inside a roundabout?,Counterclockwise,Clockwise,Either direction depending on your exit,Straight through the center island,A,Counterclockwise,"In a roundabout, all traffic enters to the right and travels counterclockwise around the raised center island.","WA Driver Guide §4.15, p. 126",roundabout
right-of-way-011,right-of-way,hard,You are driving through a roundabout when you hear an emergency vehicle siren behind you. What should you do?,Stop immediately in your lane,"Drive through the roundabout, exit, and then pull over",Speed up to exit the roundabout faster,Cut across the center island to get out of the way,B,"Drive through the roundabout, exit, and then pull over","If an emergency vehicle approaches while you are in a roundabout, drive through the roundabout and pull over after exiting, just like you would at any other intersection.","WA Driver Guide §4.15, p. 127",roundabout|emergency-vehicles
right-of-way-012,right-of-way,medium,Roundabouts are designed for travel at what speed range?,5 to 10 mph,25 to 35 mph,15 to 25 mph,30 to 45 mph,C,15 to 25 mph,Roundabouts are designed for speeds between 15 and 25 mph. Slow down when approaching a roundabout.,"WA Driver Guide §4.15, p. 127",roundabout|speed
right-of-way-013,right-of-way,hard,"After coming to a complete stop at a red light, you may turn left onto:","Any street, as long as there is no oncoming traffic","A two-way street, as long as you yield",A one-way street only if a green arrow appears,"A one-way street, if no 'no turn on red' sign is posted",D,"A one-way street, if no 'no turn on red' sign is posted","After coming to a complete stop at a red light, you can turn left onto a one-way street if you don't see a 'no turn on red' sign and you have plenty of room to enter traffic.","WA Driver Guide §4.11, p. 110",turning|red-light
right-of-way-014,right-of-way,easy,You approach an intersection with no traffic signs or signals. A vehicle is already in the intersection. What must you do?,Enter the intersection and yield once inside,Proceed if you are on the wider road,Yield the right-of-way to the vehicle already in the intersection,Honk to signal your approach and proceed,C,Yield the right-of-way to the vehicle already in the intersection,"At an uncontrolled intersection, you must yield the right-of-way if a vehicle is already in the intersection.","WA Driver Guide §4.15, p. 129",right-of-way|uncontrolled-intersection
right-of-way-015,right-of-way,medium,You are entering a paved state highway from an unpaved road. Who has the right-of-way?,Traffic on the paved state highway,"You, if there is no stop sign",Whichever vehicle arrives first,Vehicles traveling uphill,A,Traffic on the paved state highway,"At an uncontrolled intersection, you must yield if you enter a paved road from an unpaved road, or if you enter or cross a state highway from a secondary road.","WA Driver Guide §4.15, p. 129",right-of-way|uncontrolled-intersection
right-of-way-016,right-of-way,medium,How far are you allowed to travel in a two-way left turn lane?,100 feet,200 feet,500 feet,300 feet,D,300 feet,You should not travel farther than 300 feet in a center two-way left turn lane. These lanes are reserved for vehicles making left turns or U-turns.,"WA Driver Guide §4.16, p. 134",two-way-left-turn-lane|distance
right-of-way-017,right-of-way,medium,A two-way left turn lane in the center of a road may be used for:,Passing slower traffic,Making left turns from either direction or permitted U-turns,Traveling through heavy traffic,Merging onto the road from a side street,B,Making left turns from either direction or permitted U-turns,"Shared center lanes are reserved for vehicles making left turns in either direction from or into the roadway, or U-turns when permitted. They must not be used for passing.","WA Driver Guide §4.16, p. 133",two-way-left-turn-lane
right-of-way-018,right-of-way,easy,You hear a siren and see flashing lights from an emergency vehicle behind you. What must you do?,Speed up to get out of the way,Stop immediately wherever you are,Move to the left lane and slow down,Pull to the right side of the road and stop,D,Pull to the right side of the road and stop,"When you see or hear emergency vehicle signals, immediately pull your vehicle to the right side of the road and stop. Wait until the emergency vehicle has passed before reentering traffic.","WA Driver Guide §4.9, p. 107",emergency-vehicles|right-of-way
right-of-way-019,right-of-way,medium,Every intersection in Washington is legally considered a:,"Crosswalk, whether marked or unmarked",School zone,No-passing zone,Construction zone,A,"Crosswalk, whether marked or unmarked",Every intersection is legally defined as a crosswalk regardless of whether a crosswalk marking is present. You must yield to pedestrians.,"WA Driver Guide §4.13, p. 121",pedestrians|crosswalk|intersections
right-of-way-020,right-of-way,hard,You are at a four-way stop. You arrived second after the vehicle across from you. A third vehicle arrives to your right. In what order should vehicles proceed?,"You, the vehicle across, then the vehicle to your right","The vehicle to your right, then you, then the vehicle across","The vehicle across from you first, then you, then the third vehicle",All vehicles proceed simultaneously,C,"The vehicle across from you first, then you, then the third vehicle","At a four-way stop, the first vehicle to arrive goes first, the second goes second, and so on. The vehicle across arrived first and goes first, you go second, and the third vehicle goes last.","WA Driver Guide §4.13, p. 122",right-of-way|four-way-stop
right-of-way-021,right-of-way,medium,You stop at a stop sign but cannot see cross traffic because a parked vehicle is blocking your view. What should you do?,Honk your horn and proceed quickly,Wait until the parked vehicle moves,Back up and try a different route,"Edge forward slowly until you can see, which also lets crossing drivers see your front",D,"Edge forward slowly until you can see, which also lets crossing drivers see your front","If you stop on the stop line but your view is blocked, edge forward slowly until you can see. This allows crossing drivers to see the front of your vehicle and gives them a chance to slow down.","WA Driver Guide §4.13, p. 121",intersections|visibility
right-of-way-022,right-of-way,easy,"Before entering an intersection, you must make sure there is enough space for you to:",Cross or turn without blocking the intersection,Accelerate to the speed limit,Make a complete stop inside the intersection if needed,Change lanes within the intersection,A,Cross or turn without blocking the intersection,"Before entering an intersection, make sure there is enough space for you to cross or turn without blocking the intersection.","WA Driver Guide §4.13, p. 122",intersections|gridlock
right-of-way-023,right-of-way,medium,You are approaching a roundabout and want to turn left. Which lane should you use?,The right lane,Either lane,The lane indicated by the lane choice sign for left turns,The center median lane,C,The lane indicated by the lane choice sign for left turns,"The lane choice sign at a roundabout shows which lanes are used for right turns, straight through travel, and left turns. Pick the correct lane as you approach and stay in it until you exit.","WA Driver Guide §4.15, p. 127",roundabout|lane-position
right-of-way-024,right-of-way,hard,"When exiting a roundabout, you must stop for:",Pedestrians and bicyclists in crosswalks,Vehicles behind you in the roundabout,Vehicles waiting to enter the roundabout,"No one, because vehicles in the roundabout always have the right-of-way",A,Pedestrians and bicyclists in crosswalks,You must stop for pedestrians and bicyclists in crosswalks both when you enter and when you exit the roundabout.,"WA Driver Guide §4.15, p. 127",roundabout|pedestrians
right-of-way-025,right-of-way,medium,A traffic signal is completely dark and not working at all. How should you treat the intersection?,As a yield sign,Proceed with caution without stopping,As a four-way stop,As an uncontrolled intersection,C,As a four-way stop,"If a traffic signal isn't working, treat the intersection like a four-way stop. Come to a complete stop, yield to traffic on your right, and proceed cautiously when safe.","WA Driver Guide §4.10, p. 109",intersections|signals
right-of-way-026,right-of-way,easy,"At a Y-intersection, a minor road connects with a major road. There is a stop sign where the minor road meets the major road. Who has the right-of-way?",Vehicles on the major road,The vehicle on the minor road if it stopped first,The vehicle that signals first,The vehicle traveling faster,A,Vehicles on the major road,"At a Y-intersection, the cars on major roads have the right-of-way. There may be a stop sign where the minor road connects with the major road.","WA Driver Guide §4.14, p. 124",right-of-way|y-intersection
right-of-way-027,right-of-way,hard,You are turning right at an intersection and a bicyclist is riding behind you approaching the same intersection. What should you do before turning?,Speed up to complete your turn before the bicyclist arrives,Check behind you and yield to the bicyclist before making your turn,Honk to alert the bicyclist,The bicyclist must always yield to turning vehicles,B,Check behind you and yield to the bicyclist before making your turn,Check behind you for bicyclists and yield to them before making your turn. Bicyclists might be moving toward you faster than you realize.,"WA Driver Guide §4.14, p. 123",turning|bicyclists|right-of-way
right-of-way-028,right-of-way,hard,"At a four-way stop, two vehicles arrive at the same time. One is turning left, the other is going straight. Who goes first?",The vehicle turning left because left turns take longer,The vehicle that signals first,It depends on which vehicle is to the right,The vehicle going straight,D,The vehicle going straight,"At a four-way stop, any vehicle turning left must yield the right-of-way to vehicles going straight or turning right.","WA Driver Guide §4.13, p. 122",right-of-way|four-way-stop|left-turn
right-of-way-029,right-of-way,medium,"When a pedestrian is crossing in a crosswalk, when may you proceed?",As soon as the pedestrian passes your lane,After the pedestrian has cleared your lane and one additional lane,Only after the pedestrian has completely crossed the street,"Immediately, if you can steer around the pedestrian",B,After the pedestrian has cleared your lane and one additional lane,You must wait until a pedestrian has cleared your lane and one additional lane before proceeding through a crosswalk.,"WA Driver Guide §4.1, p. 93",right-of-way|pedestrians|crosswalks
right-of-way-030,right-of-way,medium,A flashing yellow traffic light means you should:,Stop completely and wait for it to change,Treat the intersection as uncontrolled and proceed when you have the right-of-way,Speed up to clear the intersection,Turn right only,B,Treat the intersection as uncontrolled and proceed when you have the right-of-way,A flashing yellow light has the same meaning as a yield sign. Treat the intersection as an uncontrolled intersection and proceed when you have the right-of-way.,"WA Driver Guide §4.11, p. 111",signals|intersections
right-of-way-031,right-of-way,medium,You are on a secondary road approaching an uncontrolled intersection with a state highway. Who must yield?,Traffic on the state highway,The vehicle traveling faster,"Neither, both proceed simultaneously","You, on the secondary road",D,"You, on the secondary road","At an uncontrolled intersection, you must yield the right-of-way if you enter or cross a state highway from a secondary road.","WA Driver Guide §4.15, p. 129",right-of-way|uncontrolled-intersection
right-of-way-032,right-of-way,hard,You are in a multi-lane roundabout in the inner lane. A large truck is also in the roundabout. What should you be aware of?,Trucks must exit the roundabout first,Trucks are not allowed in roundabouts,Trucks are allowed to use both lanes and cross the truck apron,Trucks must always stay in the outer lane,C,Trucks are allowed to use both lanes and cross the truck apron,Large vehicles are allowed to cross truck aprons and both lanes as they approach and drive through the roundabout. Give large vehicles plenty of space.,"WA Driver Guide §4.15, p. 127",roundabout|large-vehicles
right-of-way-033,right-of-way,hard,Pedestrians are crossing at an unmarked crosswalk at an intersection. What must you do?,Honk to warn them they are not in a marked crosswalk,Proceed slowly around them,Yield only if a crossing guard is present,Yield to them because every intersection is legally a crosswalk,D,Yield to them because every intersection is legally a crosswalk,"Every intersection is legally a crosswalk, whether marked or unmarked. You must yield to pedestrians in any crosswalk.","WA Driver Guide §4.16, p. 137",pedestrians|crosswalk|right-of-way
right-of-way-034,right-of-way,medium,"After an emergency vehicle with flashing lights passes you, when may you reenter traffic?",Immediately after it passes,After waiting at least 30 seconds,After signaling and when the emergency vehicle has passed and it is safe,Only when a police officer directs you,C,After signaling and when the emergency vehicle has passed and it is safe,Wait until the emergency vehicle has passed before signaling and reentering traffic. You should reenter traffic in the order you were traveling before.,"WA Driver Guide §4.9, p. 107",emergency-vehicles|right-of-way
right-of-way-035,right-of-way,hard,You are turning right on a red light. A pedestrian has started crossing the street you want to turn onto. What must you do?,Yield to the pedestrian and wait until they clear your path,"Honk and proceed, since you already made a complete stop",Complete your turn behind the pedestrian,Turn into the far lane to avoid the pedestrian,A,Yield to the pedestrian and wait until they clear your path,"You must yield to pedestrians in any crosswalk. Even when turning right on red after a complete stop, you must wait until pedestrians have cleared your path before proceeding.","WA Driver Guide §4.11, p. 110",turning|red-light|pedestrians
right-of-way-036,right-of-way,easy,You are making a right turn from a two-lane road onto another road. Into which lane must you turn?,The leftmost lane of the new road,Any open lane,The center turn lane,The rightmost lane (closest to the direction you are coming from),D,The rightmost lane (closest to the direction you are coming from),"State law requires you to turn into the lane closest to the direction you are coming from. For a right turn, this is the rightmost lane of the new road.","WA Driver Guide §4.14, p. 123",turning|lane-position
right-of-way-037,right-of-way,medium,"You are in a designated turn lane at a major intersection. After entering the lane, you decide you no longer want to turn. What must you do?",Change back to a through lane before the intersection,Follow through with the turn,Stop and wait for the next green light to go straight,Back up to exit the turn lane,B,Follow through with the turn,"Once you're in a turn lane, you must follow through with the turn.","WA Driver Guide §4.16, p. 133",turning|lane-position
right-of-way-038,right-of-way,hard,"At an uncontrolled intersection, you plan to make a left turn. A vehicle is approaching from the opposite direction going straight. Who must yield?",The approaching vehicle because you are already turning,Neither vehicle needs to yield at an uncontrolled intersection,You must yield because you plan to turn left,The vehicle traveling at a slower speed,C,You must yield because you plan to turn left,"At an uncontrolled intersection, you must yield the right-of-way if you plan to make a left turn and a vehicle is approaching from the opposite direction.","WA Driver Guide §4.15, p. 129",right-of-way|uncontrolled-intersection|left-turn
right-of-way-039,right-of-way,easy,A traffic calming circle requires you to travel in which direction around the center island?,Clockwise,Counterclockwise,Either direction,Straight through,B,Counterclockwise,A traffic calming circle is an intersection with a center island that traffic flows counterclockwise around. The same right-of-way rules apply as at any other intersection.,"WA Driver Guide §4.15, p. 125",traffic-calming-circle|intersections
right-of-way-040,right-of-way,hard,You approach a mid-block crosswalk where a pedestrian is waiting to cross. There is no stop sign. What must you do?,Slow down but continue if the pedestrian has not yet stepped off the curb,Stop to allow the pedestrian to cross,Proceed because there is no stop sign,Honk to alert the pedestrian and continue,B,Stop to allow the pedestrian to cross,"Pedestrians always have the right-of-way in a marked crosswalk. Drivers should stop to allow pedestrians and bicyclists to cross, regardless of whether the crosswalk has a stop sign.","WA Driver Guide §4.14, p. 125",pedestrians|crosswalk|right-of-way
sharing-road-001,sharing-road,easy,When must you yield to pedestrians?,Only at marked crosswalks with signals,Only when they are in a school zone,Only when they have a walk signal,Always,D,Always,Washington law requires drivers to always yield to pedestrians. Pedestrians have the right-of-way at crosswalks and intersections whether marked or not.,"WA Driver Guide §4.1, p. 93",pedestrians|right-of-way
sharing-road-002,sharing-road,medium,When may you proceed after stopping for a pedestrian in a crosswalk?,After the pedestrian has cleared your lane and one additional lane,As soon as the pedestrian passes your lane,After the pedestrian reaches the opposite curb,After waiting at least 5 seconds,A,After the pedestrian has cleared your lane and one additional lane,"You may proceed after the pedestrian has cleared your lane and one additional lane. However, if the pedestrian is using a wheelchair, cane, guide dog, or other service animal, you must wait until they have completely crossed the street.","WA Driver Guide §4.1, p. 93",pedestrians|crosswalks
sharing-road-003,sharing-road,medium,"If a pedestrian using a guide dog is crossing the street, when may you proceed?",After the pedestrian has cleared your lane and one additional lane,After the pedestrian has completely crossed the street,After honking to alert the guide dog,After waiting 10 seconds,B,After the pedestrian has completely crossed the street,"If the pedestrian is using a wheelchair, cane, guide dog, or other service animal, you must wait until they have completely crossed the street before continuing.","WA Driver Guide §4.1, p. 93",pedestrians|guide-dogs|accessibility
sharing-road-004,sharing-road,easy,Why is it unlawful to honk at a person using a service animal?,It could confuse or frighten the animal or pedestrian,It violates the noise ordinance,It is considered aggressive driving,It creates a road rage situation,A,It could confuse or frighten the animal or pedestrian,"It is unlawful to interfere with a service animal. Honking could confuse or frighten the animal or the pedestrian, creating a dangerous situation.","WA Driver Guide §4.1, p. 94",pedestrians|service-animals
sharing-road-005,sharing-road,medium,What do flashing yellow lights on a school bus indicate?,The bus is about to stop — use caution and slow down,Children are exiting the bus and you must stop immediately,The bus has completed loading and is about to move,Children are crossing the street behind the bus,A,The bus is about to stop — use caution and slow down,School bus lights work like traffic signals: yellow means caution or slow down. The bus is preparing to stop to load or unload children.,"WA Driver Guide §4.2, p. 94",school-bus|signals
sharing-road-006,sharing-road,easy,"When a school bus displays flashing red lights and the stop sign is extended, drivers traveling in the same direction must:",Stop and remain stopped until the lights stop flashing and the sign is retracted,Slow to 20 mph and pass with caution,Stop only if children are visible,Move into the left lane and pass carefully,A,Stop and remain stopped until the lights stop flashing and the sign is retracted,"All drivers traveling in the same direction as the bus must stop when the red lights flash and the stop sign is extended. You may go after the lights stop flashing, the sign is retracted, and the metal arm returns to the front bumper.","WA Driver Guide §4.2, p. 95",school-bus|stopping
sharing-road-007,sharing-road,hard,You are driving behind a school bus that has stopped with red lights flashing. May you use a center turn lane to pass the bus?,"Yes, if no children are crossing","Yes, if you signal first","Yes, if you slow to 15 mph","No, drivers in all turn lanes must stop",D,"No, drivers in all turn lanes must stop",You must never use a center turn lane to pass a school bus. Drivers in all turn lanes must stop when the school bus red lights are flashing.,"WA Driver Guide §4.2, p. 95",school-bus|turn-lanes
sharing-road-008,sharing-road,medium,"After a school bus's red lights stop flashing, what else must happen before you may proceed?",You must wait 5 additional seconds,All children must be off the roadway,The stop sign must be retracted and the metal arm must return to the front bumper,The bus must begin moving,C,The stop sign must be retracted and the metal arm must return to the front bumper,"You may go after the lights stop flashing, the sign is retracted, and the metal arm returns to the front bumper of the bus. You should continue to watch for children even after the red lights stop.","WA Driver Guide §4.2, p. 95",school-bus|signals
sharing-road-009,sharing-road,hard,"On a two-lane road, you are traveling in the opposite direction from a school bus that activates its red lights and stop sign. What must you do?",Slow down but you may continue,"Stop and wait until the red lights stop flashing, the sign retracts, and the metal arm returns",Move to the right shoulder and continue at reduced speed,Flash your headlights to warn other drivers and pass carefully,B,"Stop and wait until the red lights stop flashing, the sign retracts, and the metal arm returns","On a 2-lane road, all vehicles must stop when the school bus red lights flash and the stop sign extends — including vehicles traveling in the opposite direction.","WA Driver Guide §4.2, p. 96",school-bus|two-lane-road
sharing-road-010,sharing-road,hard,"On a multilane road, when do drivers traveling in the opposite direction from a school bus NOT need to stop for its flashing red lights?",When there is at least one lane between them and the bus,When traveling at least 25 mph below the speed limit,When children are not visible outside the bus,When there are three or more lanes and lanes are separated by a median or barrier,D,When there are three or more lanes and lanes are separated by a median or barrier,"On a multilane road, opposite-direction drivers don't need to stop if there are three or more lanes AND lanes are separated by a median or barrier.","WA Driver Guide §4.2, p. 97",school-bus|multilane|divided-highway
sharing-road-011,sharing-road,hard,You are traveling on a four-lane road with no median or barrier. A school bus on the opposite side activates its red lights and stop sign. Must you stop?,"Yes, because there is no median or barrier separating the lanes","No, because there are more than two lanes","No, because you are in the opposite direction",Only if you are in the lane closest to the bus,A,"Yes, because there is no median or barrier separating the lanes","Opposite-direction drivers are exempt only if there are three or more lanes AND lanes are separated by a median or barrier. Without a median or barrier, you must stop regardless of the number of lanes.","WA Driver Guide §4.2, p. 97",school-bus|divided-highway
sharing-road-012,sharing-road,easy,What is the penalty for passing a stopped school bus with flashing red lights?,Fines are doubled,A warning for the first offense,Automatic license suspension,A mandatory court appearance,A,Fines are doubled,Fines are doubled for anyone who passes a stopped school bus.,"WA Driver Guide §4.2, p. 95",school-bus|penalties
sharing-road-013,sharing-road,easy,A transit bus ahead of you signals that it is pulling back into traffic from a bus stop. What should you do?,Maintain your speed — you have the right-of-way,Honk to alert the bus driver of your presence,Flash your headlights and pass on the left,Yield to the transit bus,D,Yield to the transit bus,You must yield to any transit vehicle traveling in the same direction as you that has signaled and is pulling back onto the roadway.,"WA Driver Guide §4.3, p. 98",transit-bus|yielding
sharing-road-014,sharing-road,easy,Why should you increase your following distance when driving behind a large truck?,To give the truck more room to back up,To have a wider view of the roadway ahead,To allow other vehicles to merge between you,Because trucks create strong wind currents,B,To have a wider view of the roadway ahead,"When following large vehicles, you should adjust your following distance so you have a wide view of the roadway ahead.","WA Driver Guide §4.4, p. 98",large-vehicles|following-distance
sharing-road-015,sharing-road,easy,"If you cannot see a large truck's mirrors, what does this mean?",You are in the truck driver's blind zone and they cannot see you,The truck's mirrors are improperly adjusted,You should flash your headlights to signal the driver,The truck is preparing to change lanes,A,You are in the truck driver's blind zone and they cannot see you,"If you are near a large vehicle and can't see the driver's mirrors, the driver can't see you. There are blind zones on each side of large vehicles.","WA Driver Guide §4.4, p. 98",large-vehicles|blind-zones
sharing-road-016,sharing-road,medium,How far does a loaded truck traveling at 55 mph need to come to a complete stop?,250 feet,350 feet,550 feet,450 feet,D,450 feet,"It takes a loaded truck with properly adjusted brakes, traveling at 55 mph, 450 feet to come to a complete stop. This is why cutting in front of large trucks without enough space is dangerous.","WA Driver Guide §4.4, p. 98",large-vehicles|stopping-distance
sharing-road-017,sharing-road,medium,"When merging in front of a large truck, when is it safe to complete the merge?",When you can see one headlight in your rearview mirror,When you are at least 50 feet ahead of the truck,When you can clearly see both of the truck's headlights in your rearview mirror,When you match the speed of surrounding traffic,C,When you can clearly see both of the truck's headlights in your rearview mirror,"When entering traffic ahead of a large vehicle, wait until you can clearly see both of their headlights in your rearview mirror before merging in front of them.","WA Driver Guide §4.4, p. 99",large-vehicles|merging
sharing-road-018,sharing-road,medium,Why should you never try to pass a large truck that is making a turn?,Trucks always have the right-of-way when turning,"Large vehicles might require more than one lane to complete a turn, which is a frequent cause of collisions",It is always illegal to pass a turning vehicle,Trucks cannot use turn signals while turning,B,"Large vehicles might require more than one lane to complete a turn, which is a frequent cause of collisions",Large vehicles might require more than one lane to complete a turn. Passing a large vehicle when the driver is turning is a frequent cause of collisions involving large vehicles.,"WA Driver Guide §4.4, p. 99",large-vehicles|turning
sharing-road-019,sharing-road,medium,How many lanes of space does a large vehicle need in a roundabout?,1 lane,2 lanes,3 lanes,The entire roundabout,B,2 lanes,Large vehicles need 2 lanes of space in a roundabout. Do not pass a large vehicle when the driver is in a roundabout.,"WA Driver Guide §4.4, p. 99",large-vehicles|roundabouts
sharing-road-020,sharing-road,easy,Why should you use caution when following a snowplow closely?,Snowplows can make sudden stops,Snowplows throw salt that damages your paint,Snowplows always have the right-of-way,Snowplows can force snow up causing blizzard-like conditions that reduce visibility,D,Snowplows can force snow up causing blizzard-like conditions that reduce visibility,"Snowplows can force snow up and off the road, causing blizzard-like conditions that reduce visibility for drivers following too closely.","WA Driver Guide §4.4, p. 100",large-vehicles|snowplows
sharing-road-021,sharing-road,easy,"When following a motorcycle, what should you do differently compared to following a car?","Leave extra room to stop, especially in wet or slippery conditions",Follow more closely to be seen,Stay in the left portion of the lane,Honk to alert the motorcyclist of your presence,A,"Leave extra room to stop, especially in wet or slippery conditions","Leave a lot of room to stop when following a motorcycle. Allow even more following room when it's raining or the road surface is slick, as weather and slippery surfaces can be serious problems for motorcyclists.","WA Driver Guide §4.5, p. 100",motorcycles|following-distance
sharing-road-022,sharing-road,medium,A motorcyclist is riding far to one side of a wide lane. May you share the lane by driving alongside them?,"Yes, if the lane is wide enough for both vehicles","Yes, if you signal first","No, motorcyclists are entitled to the same full lane width as all other vehicles","Yes, as long as you leave at least 3 feet",C,"No, motorcyclists are entitled to the same full lane width as all other vehicles","Motorcyclists are entitled to the same lane width as all other vehicles. Never move into the same lane alongside a motorcyclist, even if the lane is wide and the motorcyclist is riding far to one side.","WA Driver Guide §4.5, p. 101",motorcycles|lane-sharing
sharing-road-023,sharing-road,easy,Why do motorcyclists constantly change positions within their lane?,They are inexperienced riders,Their vehicle is unstable,To signal their intention to change lanes,"To see and be seen, and to avoid objects in the road",D,"To see and be seen, and to avoid objects in the road","Motorcyclists constantly change positions within their lane so they can see and be seen, and to avoid objects in the road such as gravel, debris, potholes, and pavement seams.","WA Driver Guide §4.5, p. 101",motorcycles|lane-position
sharing-road-024,sharing-road,medium,A motorcycle ahead of you is slowing down but its brake light is not on. Why might this happen?,The motorcyclist is using the throttle to slow down rather than the brakes,The motorcycle's brake light is malfunctioning,Motorcycles are not required to have brake lights,The rider is signaling a turn,A,The motorcyclist is using the throttle to slow down rather than the brakes,"When slowing down, motorcyclists might use the throttle rather than their brakes, so brake lights wouldn't be visible. Stay alert and pay careful attention when driving near motorcycles.","WA Driver Guide §4.5, p. 102",motorcycles|braking
sharing-road-025,sharing-road,medium,"When driving behind a bicyclist, how much space must you leave?",At least 2 feet,At least 3 feet,At least 4 feet,At least 5 feet,B,At least 3 feet,"When driving behind a bicyclist, you must leave at least 3 feet of space. Bicyclists may legally use the full lane.","WA Driver Guide §4.6, p. 103",bicyclists|following-distance
sharing-road-026,sharing-road,medium,May a bicyclist legally ride in the middle of a traffic lane?,"No, bicyclists must always stay to the far right",Only if there is no bike lane available,Only in residential areas,"Yes, bicyclists may legally use the full lane and ride where they are most visible",D,"Yes, bicyclists may legally use the full lane and ride where they are most visible","Legally, bicyclists may use the full lane and ride where they're most visible to you and other drivers. You cannot share a lane with a bicyclist.","WA Driver Guide §4.6, p. 103",bicyclists|lane-use
sharing-road-027,sharing-road,hard,"When passing a bicyclist on a road with one lane in each direction, what must you do?",Stay in your lane and pass with at least 3 feet of clearance,Move into the oncoming lane when there is no oncoming traffic and leave at least 3 feet of space,Wait until you reach a passing zone and then pass at full speed,Honk to alert the bicyclist and pass in your lane,B,Move into the oncoming lane when there is no oncoming traffic and leave at least 3 feet of space,"If there's only 1 lane in each direction, move into the other lane when there isn't any oncoming traffic. Leave at least 3 feet between the bicyclist and the widest part of your vehicle.","WA Driver Guide §4.6, p. 103",bicyclists|passing
sharing-road-028,sharing-road,hard,"On a two-lane road, may you cross into oncoming traffic to pass a bicyclist?","Yes, as long as you leave 3 feet of clearance","Yes, but only if there is no oncoming traffic","No, you must never cross into oncoming traffic to pass a bicyclist",Only if the bicyclist signals you to pass,C,"No, you must never cross into oncoming traffic to pass a bicyclist",The guide states you should never cross into oncoming traffic to pass a bicyclist. You may move into the other lane only when there isn't any oncoming traffic.,"WA Driver Guide §4.6, p. 103",bicyclists|passing|oncoming-traffic
sharing-road-029,sharing-road,medium,You are approaching a right turn and a bicyclist is ahead of you. What should you do?,Pass the bicyclist quickly before making your turn,Honk to alert the bicyclist of your turn,Move into the bike lane to make your turn,Let the bicyclist clear the intersection before making your turn,D,Let the bicyclist clear the intersection before making your turn,"Let the bicyclist clear the intersection before making a turn. If you're going to turn right, don't pass a bicyclist just before the turn.","WA Driver Guide §4.6, p. 103",bicyclists|turning
sharing-road-030,sharing-road,medium,A bicyclist is in a crosswalk. How should you treat them?,As a vehicle — yield only at signals,As a pedestrian — yield to them in both marked and unmarked crosswalks,"They should not be in the crosswalk, so proceed normally",Honk to alert them they should be on the road,B,As a pedestrian — yield to them in both marked and unmarked crosswalks,Bicyclists in crosswalks are considered pedestrians. You must yield to them in both marked and unmarked crosswalks and intersections.,"WA Driver Guide §4.6, p. 103",bicyclists|crosswalks|pedestrians
sharing-road-031,sharing-road,medium,When may you drive in a bicycle lane?,Only when turning or crossing the lane to park near the curb,When traffic is heavy and the lane is empty,When a bicyclist is not present,At any time as long as you yield to bicyclists,A,Only when turning or crossing the lane to park near the curb,You should drive in bicycle lanes only when turning or crossing the lane to park near the curb.,"WA Driver Guide §4.6, p. 104",bicyclists|bike-lanes
sharing-road-032,sharing-road,medium,"When driving near Sound Transit light rail trains, how much space must you leave between your vehicle and the train?",At least three car lengths,At least one car length,At least six feet,No minimum distance is required,B,At least one car length,"When driving near light rail, you must leave at least one car length (or more) between your vehicle and light rail trains. Do not stop, park, or leave your car on the tracks.","WA Driver Guide §4.7, p. 106",light-rail|sharing-road
sharing-road-033,sharing-road,medium,How far from the nearest rail must you stop when a railroad crossing signal is flashing?,Between 5 and 25 feet,Between 10 and 40 feet,Between 15 and 50 feet,Between 20 and 60 feet,C,Between 15 and 50 feet,"You must stop between 15 and 50 feet away from the nearest rail of a crossing when signals are flashing, a gate is lowering, or a train is approaching.","WA Driver Guide §4.7, p. 105",trains|stopping-distance
sharing-road-034,sharing-road,hard,Bells are ringing at a railroad crossing but the gate is not yet down. What must you do?,Proceed carefully since the gate is not down,Stop — you must stop whether the gate is down or not,Slow down and look for the train,Continue at your current speed,B,Stop — you must stop whether the gate is down or not,"When lights are flashing and bells are ringing at a train crossing, you must stop — whether the gate is down or not. Never drive around the gate.","WA Driver Guide §4.7, p. 105",trains|railroad-crossings
sharing-road-035,sharing-road,medium,Your vehicle stalls on railroad tracks. What should you do?,Try to restart the engine immediately,Put the car in neutral and push it off the tracks,Get everyone out of the vehicle immediately,Call 911 and wait in the vehicle,C,Get everyone out of the vehicle immediately,"If your vehicle gets stuck at a crossing, get everyone out immediately. Do not stay in the vehicle on the tracks.","WA Driver Guide §4.7, p. 105",trains|emergencies
sharing-road-036,sharing-road,medium,How far can it take a train to come to a full stop?,Up to a quarter mile,Up to half a mile,Up to a mile,Up to two miles,C,Up to a mile,It can take up to a mile for a train to come to a full stop. Trains are heavy and cannot stop quickly even if they are traveling at low speeds.,"WA Driver Guide §4.7, p. 105",trains|stopping-distance
sharing-road-037,sharing-road,easy,What sign or emblem identifies a slow-moving agricultural vehicle?,A reflective orange triangle on the back,A flashing red light,A yellow diamond-shaped sign,A green circular emblem,A,A reflective orange triangle on the back,Agricultural and farm vehicles designed to go 25 mph or less will have a triangle sign or emblem on the back.,"WA Driver Guide §4.8, p. 106",agricultural-vehicles|signs
sharing-road-038,sharing-road,medium,"When passing an agricultural vehicle on a road with one lane in each direction, how much space must be between your vehicle and the agricultural vehicle?",At least 2 feet,At least 3 feet,At least 4 feet,At least 5 feet,B,At least 3 feet,"When passing an agricultural vehicle, there should be at least 3 feet between the widest part of your vehicle and the agricultural vehicle.","WA Driver Guide §4.8, p. 106",agricultural-vehicles|passing
sharing-road-039,sharing-road,easy,"When you see or hear an emergency vehicle using lights or sirens, what must you do?",Slow down and move to the left,"Stop where you are, even in an intersection",Immediately pull to the right side of the road and stop,Speed up to get out of the way,C,Immediately pull to the right side of the road and stop,"As soon as you see or hear emergency vehicle signals, immediately pull your vehicle to the right side of the road and stop. Wait until the emergency vehicle has passed before reentering traffic.","WA Driver Guide §4.9, p. 107",emergency-vehicles|yielding
sharing-road-040,sharing-road,hard,"When you see a roadside response vehicle with flashing lights (such as a tow truck, utility vehicle, or solid waste truck), you must either move over into a farther lane or:",Stop completely and wait,"Slow down to at least 10 mph below the posted speed limit, never exceeding 50 mph",Reduce speed by 5 mph,Turn on your hazard lights and maintain your speed,B,"Slow down to at least 10 mph below the posted speed limit, never exceeding 50 mph","When you see a roadside response vehicle with flashing lights, you must either move over into a farther lane OR slow down to at least 10 mph below the posted speed limit. You must never drive faster than 50 mph in an emergency zone.","WA Driver Guide §4.17, p. 143",emergency-zone|move-over-law
sharing-road-041,sharing-road,hard,Which of the following vehicles is covered by Washington's move-over/emergency zone law when stopped with flashing lights?,"Only police cars, fire trucks, and ambulances",Only law enforcement and fire trucks,Only vehicles responding to traffic crashes,"Tow trucks, solid waste trucks, utility vehicles, highway maintenance, and emergency vehicles",D,"Tow trucks, solid waste trucks, utility vehicles, highway maintenance, and emergency vehicles","Roadside response vehicles include tow trucks, solid waste trucks, incident response, highway maintenance, utility vehicles, law enforcement, fire trucks, and ambulances.","WA Driver Guide §4.17, p. 143",emergency-zone|move-over-law
sharing-road-042,sharing-road,hard,"You are on a freeway with two lanes in your direction. A tow truck with flashing lights is stopped on the right shoulder. If you cannot safely move over to the left lane, what must you do?",Maintain your speed and stay alert,Stop and wait for the tow truck to finish,"Slow down to at least 10 mph below the posted speed limit, never exceeding 50 mph",Turn on your hazard lights and pass at your current speed,C,"Slow down to at least 10 mph below the posted speed limit, never exceeding 50 mph","If you cannot move over into a farther lane, you must slow down to at least 10 mph below the posted speed limit. You must never drive faster than 50 mph in an emergency zone.","WA Driver Guide §4.17, p. 143",emergency-zone|move-over-law
markings-parking-001,markings-parking,easy,What do yellow lines painted on the roadway indicate?,They separate traffic moving in the same direction,They separate traffic moving in opposite directions,They mark bicycle lanes,They indicate a toll lane,B,They separate traffic moving in opposite directions,"Yellow lines separate traffic traveling in opposite directions, while white lines separate traffic moving in the same direction.","WA Driver Guide §4.16, p. 131",road-markings|lane-lines
markings-parking-002,markings-parking,easy,You are driving on a two-lane road and see a dashed yellow centerline. What does this mean?,Passing is prohibited in both directions,Only vehicles traveling north may pass,The road is about to narrow to one lane,You may pass another vehicle if it is safe to do so,D,You may pass another vehicle if it is safe to do so,"A dashed yellow centerline on a two-way, two-lane road means you may use the oncoming lane to pass another vehicle if it is safe.","WA Driver Guide §4.16, p. 132",road-markings|passing
markings-parking-003,markings-parking,easy,What does a solid yellow line on your side of the road indicate?,You may pass with caution,You are approaching a school zone,Do not cross the line to pass another vehicle,The lane is reserved for HOV traffic,C,Do not cross the line to pass another vehicle,A solid yellow line indicates a no-passing zone. You must not cross a solid yellow line to pass another vehicle.,"WA Driver Guide §4.16, p. 132",road-markings|passing
markings-parking-004,markings-parking,medium,"On a road with one solid yellow line and one dashed yellow line in the center, which drivers are permitted to pass?","Drivers on the dashed-line side only, when safe",Drivers on the solid-line side only,Drivers on either side when safe,Neither side may pass,A,"Drivers on the dashed-line side only, when safe","When there is a solid yellow and dashed yellow centerline, drivers on the dashed-line side may pass if safe. Drivers on the solid-line side may not pass.","WA Driver Guide §4.16, p. 133",road-markings|passing
markings-parking-005,markings-parking,easy,Double solid yellow centerlines on a two-way road mean:,Passing is allowed only during daylight hours,You are not allowed to pass in either direction,You may pass if no oncoming traffic is visible,Only motorcycles may pass,B,You are not allowed to pass in either direction,Double solid yellow centerlines show the middle of a two-way road and prohibit passing in either direction.,"WA Driver Guide §4.16, p. 132",road-markings|passing
markings-parking-006,markings-parking,easy,What do double solid white lines between lanes indicate?,It is illegal to cross these lines,A lane is ending ahead,You may change lanes with caution,An HOV lane is nearby,A,It is illegal to cross these lines,Double solid white lines are a barrier between lanes and it is illegal to cross them.,"WA Driver Guide §4.16, p. 132",road-markings|lane-changes
markings-parking-007,markings-parking,medium,Shorter dashed white lines between lanes mean:,The speed limit is changing,You are entering a school zone,The lane is ending and you must merge or exit,Passing is prohibited,C,The lane is ending and you must merge or exit,Shorter dashed white lines indicate the lane is ending and you will need to merge or exit.,"WA Driver Guide §4.16, p. 131",road-markings|merging
markings-parking-008,markings-parking,easy,What do solid white lines on the roadway mark?,Center turn lanes,No-passing zones on two-way roads,Ferry holding lanes,The edge of the road and bicycle lanes,D,The edge of the road and bicycle lanes,Solid white lines mark the edge of the road and separate bicycle lanes from other traffic.,"WA Driver Guide §4.16, p. 130",road-markings|edge-lines
markings-parking-009,markings-parking,easy,You see a dashed white line between your lane and the lane to your right. You may:,Cross it to change lanes if it is safe,Not cross it under any circumstances,Cross it only in an emergency,Cross it only when directed by a police officer,A,Cross it to change lanes if it is safe,A dashed white line between lanes of traffic moving in the same direction means you can cross it to change lanes if it is safe.,"WA Driver Guide §4.16, p. 132",road-markings|lane-changes
markings-parking-010,markings-parking,medium,What is the maximum distance you may travel in a shared center left-turn lane?,300 feet,100 feet,200 feet,500 feet,A,300 feet,"You shouldn't travel farther than 300 feet in a shared center left-turn lane. These lanes are reserved for making left turns or U-turns, not for passing.","WA Driver Guide §4.16, p. 134",road-markings|turn-lanes
markings-parking-011,markings-parking,medium,"A shared center left-turn lane, marked with left-turn arrows on both sides, may be used for:",Passing slower traffic,Making left turns from or into the roadway in either direction,Driving through heavy traffic to avoid congestion,Emergency vehicles only,B,Making left turns from or into the roadway in either direction,"Shared center left-turn lanes are reserved for vehicles making left turns in either direction from or into the roadway, or U-turns when permitted. They must not be used for passing.","WA Driver Guide §4.16, p. 133",road-markings|turn-lanes
markings-parking-012,markings-parking,easy,HOV lanes on the highway are identified by which pavement symbol?,A diamond,A circle,A triangle,A star,A,A diamond,"HOV lanes are identified by the diamond symbol on signs and on the pavement. They are reserved for carpools, vanpools, and buses.","WA Driver Guide §4.16, p. 134",road-markings|hov
markings-parking-013,markings-parking,medium,Which type of vehicle is allowed to use an HOV lane regardless of occupancy?,Pickup trucks,Electric vehicles,Taxis,Motorcycles,D,Motorcycles,"Motorcycles are allowed to use HOV lanes regardless of occupancy. Otherwise, vehicles must meet the posted occupancy requirements.","WA Driver Guide §4.16, p. 134",hov|special-vehicles
markings-parking-014,markings-parking,medium,Reversible lanes are typically marked by:,Double solid yellow lines,Single solid white lines,Double-dashed white lines,Red reflective markers,C,Double-dashed white lines,Reversible lanes are usually marked by double-dashed white lines. Overhead signs indicate whether you may use the lane (green arrow) or not (red X).,"WA Driver Guide §4.16, p. 135",road-markings|reversible-lanes
markings-parking-015,markings-parking,medium,You see a steady yellow X on the overhead sign above a reversible lane. What should you do?,Move out of the lane as soon as it is safe,Continue driving—the lane will remain open,Speed up to clear the lane quickly,Stop immediately and wait for a green arrow,A,Move out of the lane as soon as it is safe,A steady yellow X means the reversible lane is changing direction. You should move out of the lane as soon as it is safe to do so.,"WA Driver Guide §4.16, p. 135",reversible-lanes|signals
markings-parking-016,markings-parking,easy,Where must you stop your vehicle when there is a painted stop line at an intersection?,Alongside the nearest pedestrian,After crossing the stop line but before the crosswalk,Before your vehicle reaches the stop line or crosswalk,In the center of the intersection,C,Before your vehicle reaches the stop line or crosswalk,You must stop before your vehicle reaches the stop line or crosswalk. Stop lines appear at stop signs or signals to indicate where you must stop.,"WA Driver Guide §4.16, p. 138",road-markings|stop-lines
markings-parking-017,markings-parking,medium,Sharrow markings on the pavement indicate that:,Bicycles are prohibited in the lane,The road is one-way for bicycles only,Vehicles must yield to parked cars,The lane is a vehicle lane shared with bicycle traffic,D,The lane is a vehicle lane shared with bicycle traffic,Sharrows are road markings used to indicate a vehicle lane is shared with bicycle traffic. Drivers should watch for cyclists and provide at least 3 feet of space when passing.,"WA Driver Guide §4.16, p. 139",road-markings|bicycles
markings-parking-018,markings-parking,hard,You approach an intersection with a bicycle box (a painted area for bicycles ahead of the vehicle stop line). The light is red. What must you do?,Pull forward into the bicycle box to see better,Move to the right and pass bicyclists on their left,Stay behind the white line until the bicycle box is clear,Turn right on red after checking for bicycles,C,Stay behind the white line until the bicycle box is clear,"At a bicycle box, you cannot turn right on red. Stay behind the white line until the bicycle box is clear and the light turns green. Bicyclists cross the intersection first.","WA Driver Guide §4.16, p. 140",road-markings|bicycles
markings-parking-019,markings-parking,easy,What is the speed limit in a school zone in Washington?,15 mph,20 mph,25 mph,30 mph,B,20 mph,The school zone speed limit is 20 mph because higher speeds increase the risk of fatal crashes involving children.,"WA Driver Guide §4.17, p. 140",zones|school-zone|speed
markings-parking-020,markings-parking,medium,"When driving through a work zone, you should:",Maintain your normal speed if no workers are visible,Speed up to clear the zone quickly,"Always reduce your speed, even if no workers are present",Follow the vehicle ahead as closely as possible,C,"Always reduce your speed, even if no workers are present",You should always reduce your speed in a work zone even if there are no workers. Narrower lanes and rough pavement can create hazardous conditions.,"WA Driver Guide §4.17, p. 141",zones|work-zone|speed
markings-parking-021,markings-parking,medium,"When you see a roadside response vehicle with flashing lights creating an emergency zone, you must:","Move over into a farther lane, or slow to at least 10 mph below the posted speed limit",Stop completely and wait until the vehicle leaves,Honk to alert the workers of your presence,Flash your headlights and proceed at normal speed,A,"Move over into a farther lane, or slow to at least 10 mph below the posted speed limit","When encountering a roadside response vehicle with flashing lights, you must either move over into a farther lane or slow down to at least 10 mph below the posted speed limit. Never drive faster than 50 mph in an emergency zone.","WA Driver Guide §4.17, p. 143",zones|emergency-zone
markings-parking-022,markings-parking,medium,You want to park on a street. How far from the curb must your vehicle be to be legally parked?,No more than 6 inches,No more than 18 inches,No more than 24 inches,No more than 12 inches,D,No more than 12 inches,Your vehicle must be no more than 12 inches from the curb to be legally parked.,"WA Driver Guide §4.18, p. 144",parking|distances
markings-parking-023,markings-parking,medium,You are looking for a parking spot near a fire hydrant. How far away must you park?,10 feet,15 feet,20 feet,30 feet,B,15 feet,You must park at least 15 feet from a fire hydrant to ensure emergency access is not blocked.,"WA Driver Guide §4.18, p. 144",parking|distances
markings-parking-024,markings-parking,medium,You need to park near a driveway. What is the minimum distance you must leave?,10 feet,5 feet,15 feet,20 feet,B,5 feet,"You must not park within 5 feet of a driveway, alley, or private road.","WA Driver Guide §4.18, p. 143",parking|distances
markings-parking-025,markings-parking,medium,What is the minimum parking distance from a stop sign or traffic signal?,15 feet,20 feet,50 feet,30 feet,D,30 feet,"You may not park within 30 feet of a traffic signal, stop sign, or yield sign.","WA Driver Guide §4.18, p. 143",parking|distances
markings-parking-026,markings-parking,medium,A railroad crossing is ahead. How far from the crossing must you park?,50 feet,20 feet,30 feet,75 feet,A,50 feet,You must not park within 50 feet of a railroad crossing.,"WA Driver Guide §4.18, p. 144",parking|distances
markings-parking-027,markings-parking,hard,You are parked across the street from a fire station driveway. How far from the driveway must your vehicle be?,20 feet,30 feet,50 feet,75 feet,D,75 feet,You must not park within 75 feet of a fire station driveway on the opposite side of the street.,"WA Driver Guide §4.18, p. 143",parking|distances
markings-parking-028,markings-parking,hard,Within what distance of a pedestrian safety zone may you not park?,10 feet,15 feet,20 feet,30 feet,C,20 feet,You may not park within 20 feet of a pedestrian safety zone. These designated areas ensure drivers maintain clear space for pedestrian access.,"WA Driver Guide §4.18, p. 144",parking|pedestrian-safety
markings-parking-029,markings-parking,medium,You are parking your car facing downhill on a street with a curb. Which way should you turn your front wheels?,Straight ahead,Away from the curb (toward the road),Toward the curb,It doesn't matter as long as the parking brake is set,C,Toward the curb,"When facing downhill, turn your steering wheel toward the curb until the front of your front tire touches the curb. If the vehicle rolls, it will roll into the curb rather than into traffic.","WA Driver Guide §4.18, p. 149",parking|hills
markings-parking-030,markings-parking,medium,You are parked facing uphill on a street with a tall curb. Which way should your front wheels be turned?,Away from the curb (toward the road),Toward the curb,Straight ahead,At a 45-degree angle toward the sidewalk,A,Away from the curb (toward the road),"On hills with tall curbs, turn your steering wheel away from the curb until the back of your front tire touches the curb. If the vehicle rolls backward, it will roll into the curb.","WA Driver Guide §4.18, p. 148",parking|hills
markings-parking-031,markings-parking,medium,You are parked on a hill with no curb. Which way should you turn your wheels?,Straight ahead,Toward the center of the road,Toward the edge of the road,Alternate left and right to wedge the tires,C,Toward the edge of the road,"If there is no curb, turn your steering wheel and tires toward the edge of the road so that if the vehicle starts to roll, it will roll away from traffic.","WA Driver Guide §4.18, p. 149",parking|hills
markings-parking-032,markings-parking,hard,It is a crime to leave a child unattended in a parked vehicle with the motor running if the child is under what age?,8 years old,12 years old,14 years old,16 years old,D,16 years old,It is a crime to leave a child under the age of 16 unattended in a parked vehicle while the motor is running.,"WA Driver Guide §4.18, p. 145",parking|children
markings-parking-033,markings-parking,hard,What is the youngest age at which a child may legally be left unattended in a parked vehicle (motor off)?,8 years old,12 years old,10 years old,14 years old,B,12 years old,"It is a crime to leave a child under the age of 12 unattended in a parked vehicle, regardless of whether the motor is running.","WA Driver Guide §4.18, p. 145",parking|children
markings-parking-034,markings-parking,medium,You see white stripes painted next to a disabled parking space. These stripes are called an access aisle and you:,May park there briefly if the disabled space is full,May use the area for loading groceries,Must keep the area clear—you can be fined for blocking it,May park a motorcycle there,C,Must keep the area clear—you can be fined for blocking it,The white-striped access aisle next to a reserved disabled parking space must be kept clear. You can be fined for parking in the stall without a placard and/or for blocking the access aisle.,"WA Driver Guide §4.18, p. 149",parking|disabled-parking
markings-parking-035,markings-parking,easy,When is it illegal to park in an electric vehicle charging station?,When your vehicle is not connected to the charging equipment,Only during peak hours,Only if the charging station is occupied by another vehicle,Only on weekends and holidays,A,When your vehicle is not connected to the charging equipment,It is illegal to park a vehicle in any electric vehicle charging station if the vehicle is not connected to the charging equipment.,"WA Driver Guide §4.18, p. 150",parking|ev-charging
markings-parking-036,markings-parking,medium,"When towing a boat, trailer, or camper, what are you responsible for knowing?",Only the weight limits,Only the speed limits on highways,"Weight limits, vehicle restrictions, tow cables, taillight hookups, service brakes, and licensing",Only the route you will take,C,"Weight limits, vehicle restrictions, tow cables, taillight hookups, service brakes, and licensing","When towing, you are responsible for following all manufacturer agreements, state laws, and federal standards regarding weight limits, vehicle restrictions, tow cables and taillight hookups, service brakes, and licensing/documentation.","WA Driver Guide §4.19, p. 150",transporting|towing
markings-parking-037,markings-parking,easy,Which of the following is a legal way to secure a load in your vehicle or trailer?,Place heavy items on top so they won't shift,Close the tailgate—no other securing is needed,Drive slowly so items will not shift,"Tie items down with rope, netting, or straps",D,"Tie items down with rope, netting, or straps","To secure your load, tie everything down with rope, netting, or straps. Large objects must be tied directly to the vehicle or trailer. Driving with an unsecured load is illegal and dangerous.","WA Driver Guide §4.19, p. 151",transporting|load-security
markings-parking-038,markings-parking,medium,Is it legal to transport an animal in the open bed of a truck in Washington?,"Yes, with no restrictions","No, unless the animal is in a protective harness or enclosure","Yes, but only if the animal is small","No, animals may never ride in the bed of a truck",B,"No, unless the animal is in a protective harness or enclosure",It is illegal to transport an animal outside a vehicle (such as a truck bed) without a protective harness or enclosure so the animal cannot jump or fall out.,"WA Driver Guide §4.19, p. 151",transporting|animals
markings-parking-039,markings-parking,medium,"While waiting in a ferry holding lane in a residential area, what must you avoid?",Using your headlights,Blocking residential driveways or intersections,Listening to music,Having passengers exit the vehicle,B,Blocking residential driveways or intersections,"If you are in a ferry holding lane in a residential area, you must not block residential driveways or intersections.","WA Driver Guide §4.20, p. 152",maritime|ferries
markings-parking-040,markings-parking,medium,What is the speed limit when driving on ocean beaches in Washington?,15 mph,20 mph,35 mph,25 mph,D,25 mph,"The speed limit on ocean beaches in Washington is 25 mph. The beach is considered a state highway, so all driving laws apply, and pedestrians and bicyclists have the right-of-way at all times.","WA Driver Guide §4.20, p. 152",maritime|beaches|speed
speed-space-001,speed-space,easy,What is the maximum speed limit in a school zone in Washington?,20 mph,15 mph,25 mph,30 mph,A,20 mph,The maximum speed limit in a school zone is 20 mph. Exceeding this is particularly dangerous due to the presence of children.,"WA Driver Guide §4.17, p. 140",speed-limits|school-zones
speed-space-002,speed-space,easy,"What is the maximum speed limit in cities, towns, and on ocean beaches in Washington?",25 mph,20 mph,30 mph,35 mph,A,25 mph,"The maximum speed limit in cities, towns, and on ocean beaches is 25 mph unless otherwise posted.",RCW 46.61.400(2)(a),speed-limits|urban
speed-space-003,speed-space,easy,What is the maximum speed limit on county roads in Washington?,50 mph,45 mph,55 mph,60 mph,A,50 mph,The maximum speed limit on county roads is 50 mph unless otherwise posted.,RCW 46.61.400(2)(b),speed-limits|county-roads
speed-space-004,speed-space,easy,What is the maximum speed limit on state highways in Washington?,60 mph,55 mph,65 mph,70 mph,A,60 mph,The maximum speed limit on state highways is 60 mph unless otherwise posted.,RCW 46.61.400(2)(c),speed-limits|state-highways
speed-space-005,speed-space,medium,What is the maximum speed limit on rural interstate freeways in Washington?,60 mph,65 mph,75 mph,70 mph,D,70 mph,The maximum speed limit on rural interstate freeways is 70 mph. Urban interstate freeways have a maximum of 60 mph.,RCW 46.61.400; RCW 46.61.410,speed-limits|interstate
speed-space-006,speed-space,medium,What is the maximum speed limit on urban interstate freeways in Washington?,60 mph,55 mph,65 mph,70 mph,A,60 mph,The maximum speed limit on urban interstate freeways is 60 mph. Rural interstates allow up to 70 mph.,RCW 46.61.400; RCW 46.61.410,speed-limits|interstate
speed-space-007,speed-space,medium,"Under Washington's basic speed law, you can be ticketed for driving too fast for conditions even if you are:",Driving below the posted speed limit,Driving the posted speed limit,Driving in a construction zone,Driving with your headlights on,A,Driving below the posted speed limit,"Even if you're driving under the posted speed limit, you can get a ticket for traveling too fast for road conditions. The speed limit is for ideal conditions only.","WA Driver Guide §5.1, p. 158",basic-speed-law|conditions
speed-space-008,speed-space,easy,Speed limits indicate the maximum speed that is legal under what conditions?,Ideal conditions,Any conditions,Daylight conditions,Dry road conditions,A,Ideal conditions,Speed limits indicate the maximum speed legal under ideal conditions. Washington law requires you to drive at speeds safe for current road conditions.,"WA Driver Guide §5.1, p. 158",basic-speed-law|speed-limits
speed-space-009,speed-space,hard,You are driving at the posted speed limit on a road with sharp curves and limited visibility. A police officer pulls you over. Can you be cited?,"No, because you were driving at the posted speed limit","No, because curves are not a listed hazard","Yes, but only if an accident occurred","Yes, because you must reduce speed when visibility is limited",D,"Yes, because you must reduce speed when visibility is limited",You are responsible for always driving at a safe speed regardless of the posted limit. Sharp curves or hills where visibility is limited are conditions requiring reduced speed.,"WA Driver Guide §5.1, p. 158",basic-speed-law|conditions
speed-space-010,speed-space,medium,The driver supervising a new driver's practice hours must be at least what age?,18 years old,21 years old,23 years old,25 years old,B,21 years old,The supervising driver must be at least 21 years old with 3 or more years of licensed driving experience.,"WA Driver Guide §1.7, p. 26",licensing|practice-hours
speed-space-011,speed-space,medium,"At night, you should drive at a speed that allows you to stop within what distance?",200 feet (low-beam range),300 feet (following distance),The glow of your headlights (usually 400 feet),500 feet (oncoming vehicle distance),C,The glow of your headlights (usually 400 feet),"At night, drive at a speed that allows you to stop within the glow of your headlights, which is usually about 400 feet.","WA Driver Guide §5.6, p. 166",night-driving|speed
speed-space-012,speed-space,medium,What is the relationship between vehicle speed and stopping distance?,Stopping distance stays the same regardless of speed,Stopping distance decreases at higher speeds,Stopping distance increases significantly with higher speed,Stopping distance only changes on wet roads,C,Stopping distance increases significantly with higher speed,"It takes longer to stop a vehicle at higher speeds. Stopping distance increases significantly with speed, which increases the risk of a collision if you need to brake suddenly.","WA Driver Guide §5.1, p. 157",stopping-distance|speed
speed-space-013,speed-space,easy,"When driving near other vehicles, what is the minimum following distance recommended?",At least twice the length of your vehicle,At least one vehicle length,At least three vehicle lengths,At least four vehicle lengths,A,At least twice the length of your vehicle,"When driving near other vehicles, leave a distance that is at least twice the length of your vehicle between you and the vehicle ahead.","WA Driver Guide §5.2, p. 159",following-distance|space-cushion
speed-space-014,speed-space,medium,Roundabouts in Washington are designed for speeds between:,5 and 15 mph,15 and 25 mph,25 and 35 mph,35 and 45 mph,B,15 and 25 mph,Roundabouts are designed for speeds between 15 and 25 mph. Entering too fast risks losing control or failing to yield to traffic already in the roundabout.,"WA Driver Guide §4.7, p. 124",roundabouts|speed
speed-space-015,speed-space,medium,How many total hours of supervised driving practice must a new driver complete before getting a Washington license?,30 hours,40 hours,50 hours,60 hours,C,50 hours,"A new driver must complete at least 50 hours of driving experience (40 hours daytime, 10 hours nighttime) with a licensed driver who has 3 or more years of experience.","WA Driver Guide §1.7, p. 27",licensing|practice-hours
speed-space-016,speed-space,medium,How many hours of nighttime driving practice are required for a new Washington driver?,5 hours,10 hours,15 hours,20 hours,B,10 hours,"New drivers must complete at least 10 hours of night driving with a licensed driver who has 3 or more years of experience, as part of the 50-hour total requirement.","WA Driver Guide §1.7, p. 26",licensing|practice-hours
speed-space-017,speed-space,medium,Which of the following is NOT a location where passing is prohibited?,Intersections,Railroad crossings,Shopping center entrances,Straight roads with dashed yellow lines,D,Straight roads with dashed yellow lines,"Passing is prohibited in danger zones where vehicles are likely to enter or cross the road — intersections, railroad crossings, and shopping center entrances. A dashed yellow line indicates passing is allowed when safe.","WA Driver Guide §4.16, p. 134",passing|no-passing-zones
speed-space-018,speed-space,easy,You should NOT pass another vehicle when:,A solid yellow line is on your side of the road,A dashed yellow line is on your side of the road,"You are on a straight, level road with clear visibility",You have 15 seconds of clear sight ahead,A,A solid yellow line is on your side of the road,You are not allowed to pass when the solid yellow line is on your side of the road. A solid yellow line indicates a no-passing zone.,"WA Driver Guide §4.5, p. 133",passing|lane-markings
speed-space-019,speed-space,easy,"When merging onto an interstate, who has the right-of-way?",The merging driver always has the right-of-way,Drivers already on the interstate have the right-of-way,The driver who arrives at the merge point first,The faster vehicle has the right-of-way,B,Drivers already on the interstate have the right-of-way,Drivers already on the interstate have the right-of-way. The merging driver must adjust their speed to find a safe gap in traffic.,"WA Driver Guide §5.3, p. 160",merging|right-of-way
speed-space-020,speed-space,easy,"When merging onto a freeway, you should use:",Only the first third of the on-ramp,"The entire on-ramp, your turn signal, and your mirrors",Only your mirrors and accelerate quickly,The last half of the on-ramp to build speed,B,"The entire on-ramp, your turn signal, and your mirrors","Use the entire on-ramp, your turn signal, and your mirrors to merge into a safe space on the interstate.","WA Driver Guide §5.3, p. 160",merging|on-ramp
speed-space-021,speed-space,medium,"When merging onto a freeway, you should enter traffic so that other drivers do not have to:",Change lanes,Use their mirrors,Turn on their headlights,"Swerve, slow, or stop",D,"Swerve, slow, or stop","When merging, enter traffic with enough space so you don't cause the people around you to swerve, slow, or stop.","WA Driver Guide §5.3, p. 160",merging|space-cushion
speed-space-022,speed-space,hard,Zipper merging is a technique that improves traffic flow by approximately:,20 percent,40 percent,80 percent,60 percent,D,60 percent,Zipper merging improves traffic flow by 60 percent. It creates a predictable merging pattern that reduces the risk of collisions.,"WA Driver Guide §5.3, p. 160",merging|zipper-merge
speed-space-023,speed-space,medium,What is the correct zipper merge technique when a lane is closing?,Merge immediately when you see the lane closure sign,"Stay in your lane until the merge area, then alternate with other vehicles",Speed up to get ahead of other traffic before the merge,Stop and wait for a gap in the other lane,B,"Stay in your lane until the merge area, then alternate with other vehicles","The correct zipper merge technique is to stay in your lane until you reach the designated merge area, then alternate with vehicles from the other lane.","WA Driver Guide §5.3, p. 160–161",merging|zipper-merge
speed-space-024,speed-space,medium,What should you do if you need to create space to merge onto an interstate and there is no gap?,Stop at the end of the on-ramp and wait,Force your way into traffic since you have the right-of-way,Adjust your speed — faster or slower — to find a gap,Use the shoulder to merge,C,Adjust your speed — faster or slower — to find a gap,"Drivers on the interstate have the right-of-way, so creating space to merge might require you to adjust your speed, faster or slower.","WA Driver Guide §5.3, p. 160",merging|speed-adjustment
speed-space-025,speed-space,medium,The purpose of eye-lead time is to:,Help you read road signs earlier,Allow you to scan ahead for potential hazards and respond in time,Maintain the correct following distance at all times,Help you estimate the speed of oncoming traffic,B,Allow you to scan ahead for potential hazards and respond in time,"Eye-lead time allows you to scan the road ahead for potential hazards. It gives you time to see, analyze, and respond to hazards as part of defensive driving.","WA Driver Guide §5.4, p. 161",time|hazard-perception
speed-space-026,speed-space,medium,"To practice judging how far your vehicle travels in a given time, the guide recommends picking a marker you think is how many seconds ahead?",5 seconds,10 seconds,15 seconds,20 seconds,C,15 seconds,"The guide recommends picking out a marker you think is 15 seconds ahead of your vehicle, then counting until you reach it to develop your ability to judge travel distance.","WA Driver Guide §5.4, p. 161",time|judging-distance
speed-space-027,speed-space,medium,Excessive speed can reduce the effectiveness of which safety device?,Airbags,Seat belts,Anti-lock brakes,Headlights,B,Seat belts,"Excessive speed can reduce the effectiveness of seat belts. Seat belts are designed to protect you in a crash, but their effectiveness decreases at higher speeds.","WA Driver Guide §5.1, p. 157",excessive-speed|safety
speed-space-028,speed-space,easy,Which of the following is a consequence of excessive speed?,Improved vehicle traction on curves,Shorter stopping distances,Less time to assess your path of travel and make changes,Better ability to scan for hazards,C,Less time to assess your path of travel and make changes,"Speeding gives you less time to react to changes in the road such as curves, intersections, or obstacles. Higher speed also increases stopping distances and limits your ability to scan for hazards.","WA Driver Guide §5.1, p. 157–158",excessive-speed|reaction-time
speed-space-029,speed-space,hard,"Under Washington's Move Over law, if you cannot change lanes for a stationary emergency vehicle, you must slow to at least how much below the posted speed limit?",5 mph below,10 mph below,15 mph below,20 mph below,B,10 mph below,"If you cannot move over for a stationary emergency vehicle, you must slow down to at least 10 mph below the posted speed limit, and never drive faster than 50 mph in the emergency zone.","WA Driver Guide §4.17, p. 143",move-over-law|emergency-vehicles
speed-space-030,speed-space,easy,Some roads in Washington have minimum speed limits. Why are these enforced?,To reduce fuel consumption,To prevent traffic congestion at all times,So that slow drivers are not a hazard to other drivers,To ensure vehicles maintain proper engine temperature,C,So that slow drivers are not a hazard to other drivers,Some roads have minimum speed limits. You're required to travel at least this fast so you are not a hazard to other drivers.,"WA Driver Guide §4.12, p. 114",minimum-speed|speed-limits
speed-space-031,speed-space,hard,You are approaching a shopping center entrance on a two-lane road. The vehicle ahead is traveling slowly. May you legally pass?,"Yes, as long as you signal first","Yes, if the road has a dashed center line","No, passing is prohibited where a vehicle is likely to enter or cross the road","No, unless you honk your horn first",C,"No, passing is prohibited where a vehicle is likely to enter or cross the road","Do not pass where a vehicle is likely to enter or cross the road, such as intersections, railroad crossings, and shopping center entrances.","WA Driver Guide §4.16, p. 134",passing|no-passing-zones
speed-space-032,speed-space,hard,"According to the WA Driver Guide, how far does it take a loaded truck traveling at 55 mph to come to a complete stop?",200 feet,300 feet,450 feet,600 feet,C,450 feet,"A loaded truck with properly adjusted brakes, traveling at 55 mph, takes 450 feet to come to a complete stop. This is why cutting in front of trucks is dangerous.","WA Driver Guide §4.4, p. 98",trucks|stopping-distance
speed-space-033,speed-space,medium,"When passing a bicyclist on the road, what is the minimum clearance you must leave?",1 foot,2 feet,3 feet,5 feet,C,3 feet,"When passing a bicyclist, leave at least 3 feet between the widest part of your vehicle and the bicyclist.","RCW 46.61.110; WA Driver Guide §4.4, p. 103",bicycles|passing
speed-space-034,speed-space,medium,"When you notice someone following you too closely, what should you do?",Brake suddenly to warn them,Speed up to create more space,"Change lanes, tap your brakes, or adjust your speed",Ignore them and maintain your current speed,C,"Change lanes, tap your brakes, or adjust your speed","If someone is following too closely or coming up too fast, you should change lanes, tap on the brakes, speed up, or slow down to manage the situation safely.","WA Driver Guide §3.6, p. 89",tailgating|space-cushion
speed-space-035,speed-space,hard,It is raining and the road is slippery. You are driving at the posted speed limit of 45 mph. What does Washington law require?,You may continue at 45 mph since it is the posted limit,You must reduce your speed because conditions are poor,You must pull over and wait for the rain to stop,You must turn on your flashers and drive at exactly 25 mph,B,You must reduce your speed because conditions are poor,"Washington law requires you to drive at speeds safe for current road conditions. This means reducing your speed when conditions are poor, even if you are within the posted speed limit.","WA Driver Guide §5.1, p. 158",basic-speed-law|conditions
speed-space-036,speed-space,easy,You want to leave enough space around your vehicle while driving. Why is this important?,It helps your vehicle use less fuel,It provides room to take action if there is a problem in your path of travel,It is only required on highways,It prevents other drivers from merging near you,B,It provides room to take action if there is a problem in your path of travel,Leaving enough space around your vehicle provides additional room to take action should there be a problem in your path of travel.,"WA Driver Guide §5.2, p. 159",space-cushion|safety
speed-space-037,speed-space,medium,"When performing a zipper merge, you should:",Move into the open lane as soon as you see the closure sign,Accelerate past other vehicles to merge early,Match the speed of traffic in the open lane,Stop completely before merging,C,Match the speed of traffic in the open lane,"During a zipper merge, maintain speed and continue merging at a steady pace, matching the speed of traffic in the open lane.","WA Driver Guide §5.3, p. 161",merging|zipper-merge
speed-space-038,speed-space,medium,You are driving on a residential street with children playing nearby. Which condition requires you to reduce speed below the posted limit?,When there is no traffic behind you,"When areas have pedestrians, children, cyclists, or animals",Only during school hours,Only if a police officer is present,B,"When areas have pedestrians, children, cyclists, or animals","You should reduce speed in areas with pedestrians, children, cyclists, or animals, regardless of the posted speed limit.","WA Driver Guide §5.1, p. 158",basic-speed-law|pedestrians
speed-space-039,speed-space,medium,Passing is NOT allowed in a two-way left turn lane because these lanes are reserved for:,Emergency vehicles only,Vehicles making left turns from either direction,Vehicles turning right at the next intersection,Buses and carpools only,B,Vehicles making left turns from either direction,"Two-way left turn lanes are reserved for vehicles making left turns in either direction. They must not be used for passing, and you shouldn't travel farther than 300 feet in one.","WA Driver Guide §4.5, p. 134",passing|lane-usage
speed-space-040,speed-space,hard,How many hours of daytime driving practice are required for a new Washington driver?,20 hours,30 hours,40 hours,50 hours,C,40 hours,"New drivers must complete at least 40 hours of daytime driving practice, in addition to 10 hours of nighttime driving, for a total of 50 hours.","WA Driver Guide §1.7, p. 26",licensing|practice-hours
conditions-emergencies-001,conditions-emergencies,medium,"If it starts to rain on a hot day, when is the pavement most slippery?",During the first few minutes of rain,After it has rained for 30 minutes,After the rain stops,Only during heavy downpours,A,During the first few minutes of rain,Heat causes oil in the asphalt to rise to the surface. The road is most slippery during the first few minutes of rain until the oil washes away.,"WA Driver Guide §5.6, p. 170",rain|slippery-roads
conditions-emergencies-002,conditions-emergencies,medium,What causes the road to be slippery during the first few minutes of rain on a hot day?,Dust mixing with water creates a slick layer,Oil in the asphalt rises to the surface from the heat,Rubber deposits from tires become slippery when wet,The pavement contracts and becomes smoother,B,Oil in the asphalt rises to the surface from the heat,Heat causes the oil in the asphalt to come to the surface. The road remains slippery until the rain washes the oil away.,"WA Driver Guide §5.6, p. 170",rain|slippery-roads
conditions-emergencies-003,conditions-emergencies,easy,What is hydroplaning?,Skidding caused by ice forming under your tires,Your engine overheating from driving through deep water,"Water building up between your tires and the road, causing loss of traction",Your brakes failing due to water in the brake lines,C,"Water building up between your tires and the road, causing loss of traction","Hydroplaning occurs when water builds up between your tires and the road surface, causing the tires to lose traction and skid. The vehicle can feel like it's floating or sliding.","WA Driver Guide §5.6, p. 172",hydroplaning|rain
conditions-emergencies-004,conditions-emergencies,easy,What is the best way to prevent hydroplaning?,Brake firmly when the road is wet,Drive in the tracks of the vehicle ahead,Shift to a lower gear on wet roads,Slow down when the road is wet,D,Slow down when the road is wet,The best way to keep from hydroplaning is to slow down when the road is wet. This reduces the chance of water building up between your tires and the road.,"WA Driver Guide §5.6, p. 172",hydroplaning|rain
conditions-emergencies-005,conditions-emergencies,hard,"If you begin to hydroplane, what should you do first?",Take your foot off the accelerator,Turn the steering wheel sharply toward the shoulder,Shift into reverse,Pump the brakes rapidly,A,Take your foot off the accelerator,"If you hydroplane, first take your foot off the accelerator, then gently press the brakes and keep the steering wheel steady. Avoid overcorrecting or jerking the wheel.","WA Driver Guide §5.6, p. 172",hydroplaning|emergency-response
conditions-emergencies-006,conditions-emergencies,hard,"While hydroplaning, what should you do with the steering wheel?",Turn sharply toward the curb,Keep the steering wheel steady and avoid overcorrecting,Release the steering wheel so the tires can realign,Turn opposite to the direction you are sliding,B,Keep the steering wheel steady and avoid overcorrecting,"While hydroplaning, keep the steering wheel steady and avoid overcorrecting or jerking it. Look where you want to go and calmly wait for your tires to regain traction.","WA Driver Guide §5.6, p. 172",hydroplaning|steering
conditions-emergencies-007,conditions-emergencies,medium,"On cold, wet days, where are icy spots most likely to form?",In the center of wide intersections,On highways with heavy traffic,In shady spots and on bridges or overpasses,"Only at elevations above 5,000 feet",C,In shady spots and on bridges or overpasses,"On cold, wet days, shady spots can be icy. Overpasses and other types of bridges can have icy spots even when the rest of the road doesn't.","WA Driver Guide §5.6, p. 171",ice|bridges
conditions-emergencies-008,conditions-emergencies,easy,What is black ice?,Ice mixed with road debris that appears dark brown,A thick layer of ice that forms only at night,Ice that forms only on dark-colored pavement,A thin coating of ice that is hard for drivers to see,D,A thin coating of ice that is hard for drivers to see,"Black ice is a thin coating of ice that is hard for drivers to see. Pay attention when driving in temperatures near or below freezing, even if you don't see ice.","WA Driver Guide §5.6, p. 171",ice|black-ice
conditions-emergencies-009,conditions-emergencies,medium,Why might overpasses and bridges be icy when the rest of the road is not?,"They are exposed to cold air from above and below, causing faster freezing",They are usually in shaded areas blocked by trees,They have smoother pavement that freezes first,Water from melting snow above drips down onto them,A,"They are exposed to cold air from above and below, causing faster freezing","Overpasses and bridges can have icy spots even when the rest of the road doesn't because they are exposed to cold air on all sides, causing them to freeze before other road surfaces.","WA Driver Guide §5.6, p. 171",ice|bridges
conditions-emergencies-010,conditions-emergencies,hard,What is the first step if your vehicle begins to skid?,Brake hard to stop as quickly as possible,Take your foot off the accelerator,Shift into neutral immediately,Turn the steering wheel in the opposite direction of the skid,B,Take your foot off the accelerator,"If skidding, the first step is to take your foot off the accelerator. Then press or pump your brakes and steer in the same direction your vehicle is moving.","WA Driver Guide §5.6, p. 171",skidding|emergency-response
conditions-emergencies-011,conditions-emergencies,hard,"When your vehicle is skidding, which direction should you steer?",In the opposite direction of the skid,Toward the nearest curb or shoulder,In the same direction your vehicle is moving,Hold the wheel perfectly straight,C,In the same direction your vehicle is moving,"When skidding, steer in the same direction your vehicle is moving. Continue to correct your steering until your tires regain traction and are going in the direction you're steering.","WA Driver Guide §5.6, p. 171–172",skidding|steering
conditions-emergencies-012,conditions-emergencies,hard,"If you don't have antilock brakes and your vehicle is skidding, what could happen if you press the brake pedal down hard?",Your vehicle will stop faster,The rear brakes will lock and the front will still steer normally,Your engine will stall,You could skid more,D,You could skid more,"Without antilock brakes, quickly pressing the brake pedal down could cause you to skid more. Instead, pump the brakes to slow down while maintaining some steering control.","WA Driver Guide §5.6, p. 171",skidding|brakes
conditions-emergencies-013,conditions-emergencies,medium,"When driving at night, at what speed should you drive to remain safe?",At a speed that allows you to stop within the glow of your headlights,10 mph below the posted speed limit,Always at the posted speed limit,At least 15 mph below the posted speed limit,A,At a speed that allows you to stop within the glow of your headlights,"At night, you should drive at a speed that allows you to stop within the glow of your headlights, which usually illuminate about 400 feet ahead.","WA Driver Guide §5.6, p. 167",night-driving|headlights
conditions-emergencies-014,conditions-emergencies,medium,How far ahead do your headlights usually illuminate the road at night?,About 200 feet,About 400 feet,About 600 feet,About 800 feet,B,About 400 feet,Headlights usually illuminate about 400 feet ahead. You should drive at a speed that allows you to stop within this distance.,"WA Driver Guide §5.6, p. 167",night-driving|headlights
conditions-emergencies-015,conditions-emergencies,medium,When must you switch from high beams to regular headlights for an oncoming vehicle?,"Within 1,000 feet of an oncoming vehicle",Within 300 feet of an oncoming vehicle,Within 500 feet of an oncoming vehicle,Within 200 feet of an oncoming vehicle,C,Within 500 feet of an oncoming vehicle,You must switch to regular headlights when you are within 500 feet of an oncoming vehicle to avoid blinding the other driver.,"WA Driver Guide §2.5, p. 50",headlights|high-beams
conditions-emergencies-016,conditions-emergencies,medium,"When following another vehicle, at what distance must you dim your high beams?",100 feet,200 feet,500 feet,300 feet,D,300 feet,You must switch back to regular headlights when you are within 300 feet behind another vehicle to avoid blinding the driver ahead through their mirrors.,"WA Driver Guide §2.5, p. 50",headlights|high-beams
conditions-emergencies-017,conditions-emergencies,medium,Washington law requires headlights to be on from:,A half hour after sunset to a half hour before sunrise,One hour after sunset to one hour before sunrise,Sunset to sunrise,Dusk to dawn as determined by the driver,A,A half hour after sunset to a half hour before sunrise,"Washington law requires headlights on from a half hour after sunset to a half hour before sunrise. They should also be used in rainy, snowy, foggy, or smoky conditions.","WA Driver Guide §2.5, p. 49",headlights|law
conditions-emergencies-018,conditions-emergencies,medium,"When following another vehicle at night, at what distance must you switch from high beams to regular headlights?",200 feet,300 feet,400 feet,500 feet,B,300 feet,You must switch back to regular headlights when you are within 300 feet behind another vehicle to avoid blinding the driver ahead through their mirrors.,"WA Driver Guide §2.5, p. 50",headlights|dimming
conditions-emergencies-019,conditions-emergencies,medium,"At night, you should drive at a speed that allows you to stop within the glow of your headlights. How far is that usually?",150 feet,300 feet,400 feet,500 feet,C,400 feet,"The WA Driver Guide states you should drive at a speed that allows you to stop within the glow of your headlights, which is usually 400 feet.","WA Driver Guide §5.6, p. 166",headlights|night-driving
conditions-emergencies-020,conditions-emergencies,easy,"If a vehicle is coming toward you with high beams on and you are blinded by the glare, what should you do?",Flash your high beams repeatedly to signal the other driver,Close one eye to preserve your night vision,Slow down and look directly at the headlights to judge distance,Look toward the right side of the road,D,Look toward the right side of the road,"If a vehicle approaches with high beams on, look toward the right side of the road to keep from being distracted by the headlights.","WA Driver Guide §5.6, p. 167",night-driving|glare
conditions-emergencies-021,conditions-emergencies,easy,"When driving at night, what should you avoid wearing?",Sunglasses or colored lenses,Prescription glasses with anti-reflective coating,A hat or visor,Contact lenses,A,Sunglasses or colored lenses,You should not wear sunglasses or colored lenses when driving at night or on overcast days because they reduce your vision.,"WA Driver Guide §5.6, p. 167",night-driving|vision
conditions-emergencies-022,conditions-emergencies,hard,"If a tire blows out while you are driving, what should you do?",Brake hard immediately to stop the vehicle,"Grip the steering wheel firmly, take your foot off the accelerator, and slow down gradually",Shift into reverse to counteract the pull,Turn sharply away from the blown tire,B,"Grip the steering wheel firmly, take your foot off the accelerator, and slow down gradually","If a tire blows out, grip the steering wheel firmly and keep the vehicle going straight. Slow down gradually by taking your foot off the accelerator. Do not brake hard.","WA Driver Guide §5.7, p. 173",tire-blowout|emergency-response
conditions-emergencies-023,conditions-emergencies,hard,"After a tire blowout, why should you NOT brake immediately?",It could damage the rim permanently,It will make the flat tire catch fire,It could cause you to lose control of the vehicle,Braking wears out the remaining tires faster,C,It could cause you to lose control of the vehicle,"After a blowout, you should not brake because it could cause you to lose control. Instead, allow the vehicle to slow by itself, or brake gently only if necessary.","WA Driver Guide §5.7, p. 173",tire-blowout|brakes
conditions-emergencies-024,conditions-emergencies,hard,"If your engine shuts off while driving, what should you be aware of regarding the steering wheel?",It will lock in place and cannot be turned,You must pull a release lever before steering,It will spin freely with no resistance,"It might be difficult to turn, but you can still turn it",D,"It might be difficult to turn, but you can still turn it","If the engine shuts off while driving, keep a strong grip on the steering wheel. It might be difficult to turn without power steering, but you can still turn it.","WA Driver Guide §5.7, p. 174",engine-failure|steering
conditions-emergencies-025,conditions-emergencies,hard,"If your engine dies while you are driving, what steps should you take?","Keep a strong grip on the wheel, look for an escape path, brake with steady pressure, and pull off the road","Shift to neutral, coast to a stop, and jump out of the vehicle","Turn off the ignition, set the parking brake, and wait for help",Pump the accelerator rapidly to restart the engine,A,"Keep a strong grip on the wheel, look for an escape path, brake with steady pressure, and pull off the road","If the engine shuts off, keep a strong grip on the steering wheel, look for an escape path, brake with steady pressure, slow down, and pull off the roadway.","WA Driver Guide §5.7, p. 174",engine-failure|emergency-response
conditions-emergencies-026,conditions-emergencies,hard,"If your accelerator gets stuck and the vehicle keeps going faster, what should you do?",Turn off the engine immediately while still in gear,"Quickly shift to neutral, pull off the road, then turn off the engine",Pump the accelerator pedal rapidly,Open the door and drag your foot on the ground to slow down,B,"Quickly shift to neutral, pull off the road, then turn off the engine","If the accelerator sticks, keep your eyes on the road, quickly shift to neutral, pull off the road when safe, and then turn off the engine.","WA Driver Guide §5.7, p. 174",stuck-accelerator|emergency-response
conditions-emergencies-027,conditions-emergencies,hard,"If your headlights suddenly go out while driving at night, what should you do?",Stop immediately in your lane and call 911,Continue driving slowly until you reach the next exit,"Put on your hazard warning lights, turn signals, or fog lights and pull off the road",Flash your high beams repeatedly to restore power,C,"Put on your hazard warning lights, turn signals, or fog lights and pull off the road","If your headlights suddenly go out, put on your hazard warning lights, turn signals, or fog lights if available, and pull off the road as soon as possible.","WA Driver Guide §5.7, p. 174",headlight-failure|emergency-response
conditions-emergencies-028,conditions-emergencies,medium,"If you have vehicle trouble on the road, how far behind your vehicle should you place emergency flares?",50 to 100 feet,100 to 200 feet,400 to 500 feet,200 to 300 feet,D,200 to 300 feet,"When you have vehicle trouble, warn other road users by placing emergency flares 200 to 300 feet behind your vehicle to give approaching drivers time to react.","WA Driver Guide §5.7, p. 173",vehicle-breakdown|safety
conditions-emergencies-029,conditions-emergencies,easy,What should you do if you cannot get your disabled vehicle off the road?,Stop where other drivers have a clear view of your vehicle and turn on emergency flashers,Leave the vehicle and walk to the nearest gas station,Leave the vehicle in the lane and wait on the sidewalk,Wave down other drivers to help push your vehicle,A,Stop where other drivers have a clear view of your vehicle and turn on emergency flashers,"If you can't get your vehicle off the road, stop where other drivers have a clear view of it. Avoid stopping just over a hill or around a curve. Turn on your emergency flashers and headlights.","WA Driver Guide §5.7, p. 173",vehicle-breakdown|safety
conditions-emergencies-030,conditions-emergencies,easy,"After a collision, if anyone is injured or killed, what must you do?",Move your vehicle off the road before calling anyone,Call 911 — law enforcement must be notified,Exchange insurance information and then leave,Wait at the scene until a witness arrives,B,Call 911 — law enforcement must be notified,"If anyone is injured or killed in a collision, you must call 911. Law enforcement must be notified. Do not drive away from the scene.","WA Driver Guide §5.9, p. 175",collision|reporting
conditions-emergencies-031,conditions-emergencies,medium,What information must you exchange with other drivers after a collision?,"Name, phone number, and vehicle color only",Name and license plate number only,"Name, contact information, driver license number, insurance company, and policy number",Driver license number and vehicle registration only,C,"Name, contact information, driver license number, insurance company, and policy number","After a collision, you must exchange your name, contact information, driver license number, insurance company, and policy number with others involved.","WA Driver Guide §5.9, p. 176",collision|reporting
conditions-emergencies-032,conditions-emergencies,medium,"If you hit a parked vehicle and cannot find the owner, what must you do?",Report it to the nearest police station within 24 hours,Wait at the scene for at least 30 minutes for the owner to return,Take a photo and report it online within one week,"Leave a note with the date, time, and your contact information where the owner can see it",D,"Leave a note with the date, time, and your contact information where the owner can see it","If a collision involves a parked vehicle, you must try to locate the owner. If you cannot, leave a note in a place where they can easily see it, including the date, time, and your contact information.","WA Driver Guide §5.9, p. 176",collision|hit-and-run
conditions-emergencies-033,conditions-emergencies,medium,"If a law enforcement officer does not file a collision report for you, within how many days must you file one yourself?",4 days,2 days,7 days,10 days,A,4 days,You must file a collision report form within 4 days of a crash if a law enforcement officer doesn't do it for you. This is required by state law.,"WA Driver Guide §5.9, p. 176",collision|reporting
conditions-emergencies-034,conditions-emergencies,easy,"After a collision, should you move injured people?","Yes, always move them to the side of the road for safety","No, unless they are in a burning vehicle or in immediate danger","Yes, but only if you have first aid training","No, never move them under any circumstances",B,"No, unless they are in a burning vehicle or in immediate danger",Do not move injured people unless they are in a burning vehicle or otherwise in immediate danger. Moving them incorrectly could worsen their injuries.,"WA Driver Guide §5.9, p. 176",collision|first-aid
conditions-emergencies-035,conditions-emergencies,medium,What should you NOT give to an injured person at a collision scene?,A blanket or coat,First aid,"Anything to drink, including water",Verbal reassurance,C,"Anything to drink, including water",Do not give injured people anything to drink — not even water. Cover them with a blanket or coat to keep them warm and help prevent shock.,"WA Driver Guide §5.9, p. 177",collision|first-aid
conditions-emergencies-036,conditions-emergencies,easy,"When a law enforcement officer pulls you over, what should you do with your hands?",Immediately reach for your license and registration,Place them in your lap where the officer can see them,Open your door and step out with hands raised,Keep them on the steering wheel,D,Keep them on the steering wheel,"When pulled over, keep your hands on the steering wheel. Wait for the officer's instructions before reaching for your driver license or vehicle documents.","WA Driver Guide §5.10, p. 180",law-enforcement|traffic-stop
conditions-emergencies-037,conditions-emergencies,easy,"If you are pulled over at night, what should you do to help the officer see inside your vehicle?",Turn on your interior lights,Flash your high beams,Turn off all lights in the vehicle,Open all windows and doors,A,Turn on your interior lights,"If pulled over at night, turn on your interior lights so the officer can see inside. Officers might also use a spotlight for additional visibility.","WA Driver Guide §5.10, p. 181",law-enforcement|traffic-stop
conditions-emergencies-038,conditions-emergencies,medium,"If you have a weapon in your vehicle when pulled over by law enforcement, when should you inform the officer?",Only if the officer specifically asks about weapons,Right away when the officer approaches,After the officer returns your documents,Only if the weapon is loaded,B,Right away when the officer approaches,You should let the officer know right away if you have a weapon in the vehicle when the officer approaches. Then wait for the officer's instructions.,"WA Driver Guide §5.10, p. 181",law-enforcement|traffic-stop
conditions-emergencies-039,conditions-emergencies,medium,"If you receive a traffic ticket, what could happen if you refuse to sign it?",The ticket is automatically dismissed,You receive a written warning instead,You could be arrested,The fine is doubled,C,You could be arrested,You are required to sign a traffic ticket. Refusing to sign could result in your arrest. Signing is not an admission of guilt — you may contest the ticket in court.,"WA Driver Guide §5.10, p. 182",law-enforcement|tickets
conditions-emergencies-040,conditions-emergencies,medium,"After receiving a traffic ticket, within how many days must you follow the instructions on the back to avoid license suspension?",7 days,10 days,30 days,15 days,D,15 days,You must follow the instructions on the back of the ticket within 15 days to avoid having your driving privileges suspended.,"WA Driver Guide §5.10, p. 182",law-enforcement|tickets
numbers-001,numbers,medium,How far from a fire hydrant is it illegal to park?,15 feet,10 feet,5 feet,20 feet,A,15 feet,You must park at least 15 feet from a fire hydrant to ensure fire trucks have unobstructed access.,"WA Driver Guide §4.18, p. 144",parking|distances
numbers-002,numbers,medium,How close to a crosswalk may you legally park?,10 feet,20 feet,5 feet,You may not park on a crosswalk at all,D,You may not park on a crosswalk at all,"Parking on a crosswalk is prohibited outright. The 20-foot rule applies to pedestrian safety zones, which are a separate concept.","WA Driver Guide §4.18, p. 143",parking|crosswalk
numbers-003,numbers,medium,How far from a stop sign or traffic light must you park?,30 feet,20 feet,15 feet,50 feet,A,30 feet,You must park at least 30 feet from a stop sign or traffic light so approaching drivers can see the signal.,"WA Driver Guide §4.18, p. 143",parking|distances
numbers-004,numbers,medium,How far from a railroad crossing is parking prohibited?,50 feet,30 feet,20 feet,75 feet,A,50 feet,You must park at least 50 feet from a railroad crossing to keep the area clear for train visibility and safety.,"WA Driver Guide §4.18, p. 144",parking|railroad
numbers-005,numbers,hard,How far from a fire station driveway on the opposite side of the street must you park?,20 feet,30 feet,50 feet,75 feet,D,75 feet,You must park at least 75 feet from a fire station driveway on the opposite side to allow emergency vehicles to turn freely.,"WA Driver Guide §4.18, p. 143",parking|distances
numbers-006,numbers,medium,How far from a driveway must you park?,5 feet,10 feet,15 feet,20 feet,A,5 feet,"You must park at least 5 feet from a driveway, alley, or private road to keep access clear.","WA Driver Guide §4.18, p. 143",parking|distances
numbers-007,numbers,easy,"To be legally parked, your vehicle must be within what distance from the curb?",6 inches,12 inches,18 inches,24 inches,B,12 inches,Your vehicle must be within 12 inches of the curb to be legally parked.,"WA Driver Guide §4.18, p. 144",parking|curb
numbers-008,numbers,medium,What is the minimum liability insurance coverage required per person for bodily injury in Washington?,"$10,000","$15,000","$25,000","$50,000",C,"$25,000","Washington requires at least $25,000 in liability insurance for bodily injury or death of one person in a collision.","WA Driver Guide §2.3, p. 43",insurance|requirements
numbers-009,numbers,easy,What is the maximum speed limit in a school zone?,15 mph,20 mph,25 mph,30 mph,B,20 mph,The maximum speed limit in a school zone is 20 mph to protect children.,"WA Driver Guide §4.17, p. 140",speed-limits|school-zone
numbers-010,numbers,easy,What is the maximum speed limit in cities and towns?,20 mph,25 mph,30 mph,35 mph,B,25 mph,"The maximum speed limit in cities, towns, and on ocean beaches is 25 mph.",RCW 46.61.400(2)(a),speed-limits|urban
numbers-011,numbers,medium,What is the maximum speed limit on county roads?,50 mph,45 mph,35 mph,55 mph,A,50 mph,The maximum speed on county roads is 50 mph.,RCW 46.61.400(2)(b),speed-limits|county
numbers-012,numbers,medium,What is the maximum speed on state highways?,60 mph,55 mph,50 mph,65 mph,A,60 mph,The maximum speed on state highways is 60 mph.,RCW 46.61.400(2)(c),speed-limits|highway
numbers-013,numbers,medium,What is the maximum speed on rural interstate freeways?,55 mph,60 mph,65 mph,70 mph,D,70 mph,The maximum speed on rural interstate freeways is 70 mph.,RCW 46.61.400; RCW 46.61.410,speed-limits|interstate
numbers-014,numbers,medium,What is the maximum speed on urban interstate freeways?,60 mph,55 mph,50 mph,70 mph,A,60 mph,The maximum speed on interstate freeways in an urban area is 60 mph.,RCW 46.61.400; RCW 46.61.410,speed-limits|interstate
numbers-015,numbers,hard,What is the speed limit on ocean beaches in Washington?,15 mph,20 mph,35 mph,25 mph,D,25 mph,"The speed limit on ocean beaches is 25 mph, the same as in cities and towns.","WA Driver Guide §5.5, p. 152",speed-limits|beach
numbers-016,numbers,easy,At what BAC level is a driver age 21 or older considered legally intoxicated?,0.02%,0.04%,0.10%,0.08%,D,0.08%,A BAC of 0.08% or higher constitutes a DUI for drivers age 21 and older.,"WA Driver Guide §1.15, p. 37",impairment|bac
numbers-017,numbers,medium,At what BAC level is a driver under age 21 considered legally intoxicated?,0.00%,0.02%,0.04%,0.08%,B,0.02%,Drivers under age 21 are considered legally intoxicated at a BAC of 0.02% or more.,"WA Driver Guide §1.15, p. 37",impairment|bac|underage
numbers-018,numbers,medium,What is the legal THC limit for drivers over age 21?,0.00 ng/mL,2.00 ng/mL,10.00 ng/mL,5.00 ng/mL,D,5.00 ng/mL,"For drivers age 21 and older, having more than 5.00 nanograms of active THC per milliliter of blood is considered a DUI.","WA Driver Guide §1.15, p. 37",impairment|thc
numbers-019,numbers,medium,What is the legal THC limit for drivers under age 21?,More than 0.00 ng/mL,More than 2.00 ng/mL,More than 5.00 ng/mL,More than 10.00 ng/mL,A,More than 0.00 ng/mL,Drivers under age 21 face DUI consequences for anything more than 0.00 nanograms of active THC per milliliter of blood — effectively zero tolerance.,"WA Driver Guide §1.15, p. 37",impairment|thc|underage
numbers-020,numbers,medium,How many days does a seller have to report the sale of a vehicle?,5 days,10 days,15 days,30 days,A,5 days,A seller must report the sale of a vehicle to the Department of Licensing within 5 days.,"WA Driver Guide §2.1, p. 42",deadlines|vehicle-sale
numbers-021,numbers,medium,How many days does a buyer have to transfer title and registration?,5 days,10 days,30 days,15 days,D,15 days,The buyer must transfer title and registration within 15 days to avoid penalty fees.,"WA Driver Guide §2.1, p. 42",deadlines|vehicle-purchase
numbers-022,numbers,medium,How many days do you have to report a change of address for your driver's license?,5 days,10 days,15 days,30 days,B,10 days,You must report a change of address or name within 10 days.,"WA Driver Guide §1.16, p. 39",deadlines|license
numbers-023,numbers,easy,What is the standard validity period for a Washington driver's license?,4 years,5 years,6 years,8 years,D,8 years,"Since 2022, the standard Washington driver's license is valid for 8 years. A 6-year option is also available, but 8 years is the default.","RCW 46.20.181; WA DOL, dol.wa.gov",deadlines|license
numbers-024,numbers,medium,How long must you hold an instruction permit before applying for your first Washington driver license?,3 months,6 months,9 months,12 months,B,6 months,You must have your instruction permit for at least 6 months before you can apply for your first driver license in Washington.,"WA Driver Guide §1.7, p. 26",licensing|requirements
numbers-025,numbers,medium,What is the minimum liability insurance coverage required per accident for bodily injury in Washington?,"$25,000","$50,000","$75,000","$100,000",B,"$50,000","Washington requires at least $50,000 in liability insurance for bodily injury or death of two or more persons in any one collision.","WA Driver Guide §2.3, p. 43",insurance|requirements
numbers-026,numbers,hard,At what distance must you dim your headlights for an oncoming vehicle?,200 feet,300 feet,400 feet,500 feet,D,500 feet,You must dim your headlights within 500 feet of an oncoming vehicle.,"RCW 46.37.230; WA Driver Guide §2.5, p. 50",headlights|distances
numbers-027,numbers,hard,At what distance behind another vehicle must you dim your headlights?,150 feet,200 feet,300 feet,500 feet,C,300 feet,You must dim your headlights when following within 300 feet of another vehicle.,"RCW 46.37.230; WA Driver Guide §2.5, p. 50",headlights|distances
numbers-028,numbers,medium,From what distance must your brake lights be clearly visible?,50 feet,75 feet,100 feet,150 feet,C,100 feet,Your brake lights must be clearly visible from 100 feet away to alert drivers behind you that you are stopping.,"WA Driver Guide §2.5, p. 50",lights|visibility
numbers-029,numbers,medium,"According to the WA Driver Guide, how far does the glow of your headlights usually reach?",150 feet,300 feet,400 feet,500 feet,C,400 feet,The WA Driver Guide states that headlight glow is usually 400 feet. You should drive at a speed that allows you to stop within this distance at night.,"WA Driver Guide §5.6, p. 166",headlights|visibility
numbers-030,numbers,hard,How far can you legally drive in a two-way left turn lane?,150 feet,200 feet,300 feet,500 feet,C,300 feet,You are allowed to drive up to 300 feet in a two-way left turn lane.,"RCW 46.61.290; WA Driver Guide §4.16, p. 134",lanes|distances
numbers-031,numbers,medium,What is the minimum liability insurance coverage required for property damage in Washington?,"$5,000","$10,000","$15,000","$25,000",B,"$10,000","Washington requires at least $10,000 in liability insurance for injury to or destruction of property of others in any one collision.","WA Driver Guide §2.3, p. 43",insurance|requirements
numbers-032,numbers,medium,During what hours is an intermediate license holder restricted from driving (without a parent or guardian)?,Midnight to 5 a.m.,11 p.m. to 6 a.m.,1 a.m. to 5 a.m.,10 p.m. to 5 a.m.,C,1 a.m. to 5 a.m.,"Intermediate license holders may not drive between 1 a.m. and 5 a.m. unless accompanied by a parent, guardian, or licensed driver at least age 25.","WA Driver Guide §1.8, p. 28",intermediate-license|restrictions
numbers-033,numbers,medium,What is the minimum distance you must maintain from a stationary emergency vehicle with flashing lights?,100 feet,150 feet,200 feet,300 feet,C,200 feet,You must maintain at least 200 feet before and after a stationary emergency vehicle with siren or flashing lights.,RCW 46.61.212; WA Driver Guide p. 3,emergency-vehicles|distances
numbers-034,numbers,medium,Under what age is it illegal to leave a child in a parked vehicle with the motor running?,12 years,14 years,16 years,18 years,C,16 years,It is illegal to leave a child under age 16 in a parked vehicle with the motor running.,"WA Driver Guide §4.18, p. 145",parking|child-safety
numbers-035,numbers,medium,When must you turn on your headlights relative to sunset?,At sunset,1/4 hour after sunset,1/2 hour after sunset,1 hour after sunset,C,1/2 hour after sunset,You must turn on headlights by at least 1/2 hour after sunset and 1/2 hour before sunrise.,"WA Driver Guide §2.5, p. 49",headlights|timing
